date;temp;humidity;pressure
15/06/2020 17:43;24.66;52.63;1013.35
15/06/2020 17:48;25.11;51.89;1013.44
15/06/2020 17:53;25.24;51.28;1013.49
15/06/2020 17:58;25.39;50.57;1013.52
15/06/2020 18:03;25.29;50.94;1013.66
15/06/2020 18:08;25.36;50.39;1013.70
15/06/2020 18:13;25.49;50.07;1013.75
15/06/2020 18:18;25.47;50.03;1013.81
15/06/2020 18:23;25.39;50.17;1013.84
15/06/2020 18:28;25.40;50.08;1013.93
15/06/2020 18:33;25.12;51.62;1013.87
15/06/2020 18:38;25.24;50.24;1013.93
15/06/2020 18:43;25.30;50.07;1013.95
15/06/2020 18:48;25.30;49.92;1014.04
15/06/2020 18:53;25.30;50.20;1014.03
15/06/2020 18:58;25.18;50.06;1014.05
15/06/2020 19:03;25.12;49.59;1014.02
15/06/2020 19:08;25.14;49.71;1014.13
15/06/2020 19:13;25.09;49.81;1014.17
15/06/2020 19:18;25.21;49.77;1014.20
15/06/2020 19:23;25.15;49.24;1014.29
15/06/2020 19:28;25.23;50.18;1014.36
15/06/2020 19:33;25.17;49.88;1014.36
15/06/2020 19:38;25.20;50.44;1014.38
15/06/2020 19:43;25.13;50.19;1014.45
15/06/2020 19:48;25.00;50.25;1014.45
15/06/2020 19:53;25.16;50.17;1014.46
15/06/2020 19:58;25.30;50.02;1014.52
15/06/2020 20:08;25.34;50.39;1014.61
15/06/2020 20:13;25.35;49.83;1014.64
15/06/2020 20:18;25.27;50.00;1014.72
15/06/2020 20:23;25.17;49.47;1014.71
15/06/2020 20:28;25.23;49.40;1014.74
15/06/2020 20:33;25.16;49.42;1014.75
15/06/2020 20:38;25.31;49.00;1014.78
15/06/2020 20:43;25.38;49.26;1014.83
15/06/2020 20:48;25.27;49.49;1014.81
15/06/2020 20:53;25.29;49.42;1014.84
15/06/2020 20:58;25.07;49.52;1014.85
15/06/2020 21:03;25.16;49.42;1014.94
15/06/2020 21:08;25.14;49.29;1015.01
15/06/2020 21:13;25.08;48.96;1015.10
15/06/2020 21:18;25.09;49.73;1015.13
15/06/2020 21:23;25.21;49.38;1015.15
15/06/2020 21:28;25.23;48.49;1015.20
15/06/2020 21:33;25.14;48.24;1015.23
15/06/2020 21:38;25.14;47.97;1015.36
15/06/2020 21:43;25.07;47.89;1015.41
15/06/2020 21:48;25.04;47.87;1015.45
15/06/2020 21:53;25.08;47.78;1015.43
15/06/2020 21:58;24.98;47.81;1015.51
15/06/2020 22:03;25.07;47.48;1015.48
15/06/2020 22:08;25.03;47.06;1015.58
15/06/2020 22:13;24.99;47.01;1015.53
15/06/2020 22:18;25.03;47.04;1015.59
15/06/2020 22:23;25.02;47.13;1015.60
15/06/2020 22:28;24.98;47.05;1015.57
15/06/2020 22:33;25.03;47.00;1015.59
16/06/2020 8:47;23.29;48.76;1015.12
16/06/2020 8:52;23.84;47.51;1015.13
16/06/2020 8:57;24.13;47.02;1015.05
16/06/2020 9:02;24.25;46.94;1014.99
16/06/2020 9:07;24.22;46.05;1014.95
16/06/2020 9:12;24.30;45.22;1014.87
16/06/2020 9:17;24.37;44.50;1014.82
16/06/2020 9:22;24.22;46.11;1014.76
16/06/2020 9:27;24.27;45.15;1014.77
16/06/2020 9:32;24.37;45.12;1014.78
16/06/2020 9:37;24.36;44.93;1014.68
16/06/2020 9:42;24.39;44.70;1014.59
16/06/2020 9:47;24.33;44.46;1014.51
16/06/2020 9:52;24.28;43.98;1014.47
16/06/2020 9:57;24.40;46.70;1014.42
16/06/2020 10:02;24.43;47.26;1014.36
16/06/2020 10:07;24.67;46.57;1014.25
16/06/2020 10:12;24.77;46.23;1014.17
16/06/2020 10:17;24.72;46.38;1014.22
16/06/2020 10:22;24.92;46.52;1014.12
16/06/2020 10:27;25.07;46.44;1014.06
16/06/2020 10:32;25.01;47.00;1014.01
16/06/2020 10:37;25.14;47.09;1013.88
16/06/2020 10:42;25.13;47.44;1013.88
16/06/2020 10:47;25.18;47.37;1013.85
16/06/2020 10:52;25.19;47.99;1013.82
16/06/2020 10:57;25.11;47.75;1013.77
16/06/2020 11:02;24.97;47.27;1013.71
16/06/2020 11:07;24.77;46.77;1013.67
16/06/2020 11:12;24.50;45.17;1013.52
16/06/2020 11:17;24.32;44.13;1013.44
16/06/2020 11:22;24.34;44.92;1013.34
16/06/2020 11:27;24.46;44.45;1013.27
16/06/2020 11:32;24.47;44.83;1013.17
16/06/2020 11:37;24.28;43.86;1013.11
16/06/2020 11:42;24.33;44.75;1013.05
16/06/2020 11:47;24.34;45.00;1012.90
16/06/2020 11:52;24.47;44.59;1012.84
16/06/2020 11:57;24.47;45.20;1012.76
16/06/2020 12:02;24.54;45.53;1012.69
16/06/2020 12:07;24.75;45.10;1012.60
16/06/2020 12:12;24.73;43.85;1012.60
16/06/2020 12:17;24.78;44.21;1012.49
16/06/2020 12:22;24.82;43.94;1012.38
16/06/2020 12:27;24.81;43.81;1012.30
16/06/2020 12:32;24.83;42.83;1012.27
16/06/2020 12:37;24.87;43.64;1012.10
16/06/2020 12:42;24.86;43.44;1012.11
16/06/2020 12:47;24.92;42.33;1012.02
16/06/2020 12:52;24.89;42.69;1011.95
16/06/2020 12:57;24.93;43.34;1011.90
16/06/2020 13:02;25.08;43.52;1011.79
16/06/2020 13:07;25.01;42.47;1011.73
16/06/2020 13:12;24.96;43.02;1011.70
16/06/2020 13:17;25.00;43.01;1011.61
16/06/2020 13:22;24.96;42.67;1011.63
16/06/2020 13:27;24.95;41.66;1011.58
16/06/2020 13:32;25.02;42.23;1011.49
16/06/2020 13:37;25.05;42.52;1011.43
16/06/2020 13:42;25.18;42.50;1011.34
16/06/2020 13:47;25.20;42.47;1011.22
16/06/2020 13:52;25.24;42.32;1011.16
16/06/2020 13:57;25.24;42.14;1011.14
16/06/2020 14:02;25.33;41.39;1011.04
16/06/2020 14:07;25.29;41.34;1010.97
16/06/2020 14:12;25.35;41.76;1010.89
16/06/2020 14:17;25.42;42.04;1010.85
16/06/2020 14:22;25.47;42.18;1010.80
16/06/2020 14:27;25.53;42.44;1010.76
16/06/2020 14:32;25.57;42.38;1010.68
16/06/2020 14:37;25.60;42.46;1010.67
16/06/2020 14:42;25.65;42.43;1010.63
16/06/2020 14:47;25.61;42.59;1010.53
16/06/2020 14:52;25.58;42.92;1010.50
16/06/2020 14:57;25.57;43.10;1010.35
16/06/2020 15:02;25.58;43.30;1010.35
16/06/2020 15:07;25.59;43.41;1010.30
16/06/2020 15:12;25.60;43.50;1010.23
16/06/2020 15:17;25.58;43.49;1010.28
16/06/2020 15:22;25.64;43.28;1010.16
16/06/2020 15:27;25.69;43.19;1010.17
16/06/2020 15:32;25.69;43.04;1010.20
16/06/2020 15:37;25.69;43.31;1010.19
16/06/2020 15:42;25.68;44.08;1010.19
16/06/2020 15:47;25.71;44.53;1010.22
16/06/2020 15:52;25.72;44.95;1010.19
16/06/2020 15:57;25.79;44.84;1010.18
16/06/2020 16:02;25.82;44.94;1010.22
16/06/2020 16:07;25.83;44.64;1010.15
16/06/2020 16:12;25.83;44.60;1010.14
16/06/2020 16:17;25.90;43.35;1010.11
16/06/2020 16:22;25.94;41.53;1010.09
16/06/2020 16:27;25.97;42.19;1010.07
16/06/2020 16:32;25.98;42.26;1010.13
16/06/2020 16:37;26.04;43.44;1009.98
16/06/2020 16:42;26.03;41.83;1009.93
16/06/2020 16:47;26.05;42.15;1009.86
16/06/2020 16:52;25.97;40.91;1009.87
16/06/2020 16:57;25.94;41.14;1009.84
16/06/2020 17:02;26.07;41.27;1009.90
16/06/2020 17:07;26.10;40.61;1009.87
16/06/2020 17:12;26.07;41.03;1009.83
16/06/2020 17:17;26.28;40.33;1009.88
16/06/2020 17:22;26.48;39.90;1009.93
16/06/2020 17:27;26.39;39.28;1009.87
16/06/2020 17:32;26.45;39.20;1009.83
16/06/2020 17:37;26.36;39.52;1009.81
16/06/2020 17:42;26.29;39.74;1009.79
16/06/2020 17:47;26.35;40.28;1009.81
16/06/2020 17:52;26.19;40.65;1009.76
16/06/2020 17:57;26.11;41.35;1009.77
16/06/2020 18:02;26.18;41.56;1009.82
16/06/2020 18:07;26.26;41.52;1009.83
16/06/2020 18:12;26.13;41.70;1009.79
16/06/2020 18:17;26.27;41.55;1009.82
16/06/2020 18:22;26.31;41.35;1009.71
16/06/2020 18:27;26.25;41.38;1009.81
16/06/2020 18:32;26.19;41.21;1009.85
16/06/2020 18:37;26.24;41.29;1009.77
16/06/2020 18:42;26.20;41.40;1009.79
16/06/2020 18:47;26.16;41.84;1009.79
16/06/2020 18:52;26.24;41.65;1009.74
16/06/2020 18:57;26.27;41.74;1009.75
16/06/2020 19:02;26.20;41.85;1009.77
16/06/2020 19:07;26.16;41.84;1009.84
16/06/2020 19:12;26.14;41.76;1009.88
16/06/2020 19:17;26.13;41.59;1009.94
16/06/2020 19:22;26.09;41.77;1009.92
16/06/2020 19:27;26.12;41.72;1009.97
16/06/2020 19:32;26.12;41.30;1009.98
16/06/2020 19:37;26.07;41.63;1010.07
16/06/2020 19:42;26.04;41.84;1010.12
16/06/2020 19:47;26.07;41.81;1010.14
16/06/2020 19:52;26.02;41.93;1010.10
16/06/2020 19:57;26.04;41.96;1010.08
16/06/2020 20:02;25.96;42.08;1010.11
16/06/2020 20:07;25.91;41.83;1010.10
16/06/2020 20:12;25.93;41.59;1010.12
16/06/2020 20:17;25.94;41.35;1010.11
16/06/2020 20:22;26.00;41.56;1010.17
16/06/2020 20:27;25.98;41.90;1010.18
16/06/2020 20:32;25.93;41.93;1010.27
16/06/2020 20:37;25.94;42.12;1010.29
16/06/2020 20:42;26.04;42.59;1010.42
16/06/2020 20:47;25.93;42.91;1010.42
16/06/2020 20:52;25.79;43.34;1010.50
16/06/2020 20:57;25.89;42.91;1010.56
16/06/2020 21:02;25.92;42.35;1010.60
16/06/2020 21:07;25.92;43.20;1010.69
16/06/2020 21:12;25.98;42.66;1010.80
16/06/2020 21:17;25.98;42.49;1010.91
16/06/2020 21:22;25.91;43.15;1011.11
16/06/2020 21:27;25.89;44.33;1011.34
16/06/2020 21:32;25.94;45.06;1011.43
16/06/2020 21:37;25.78;46.31;1011.61
16/06/2020 21:42;25.86;46.81;1011.79
16/06/2020 21:47;25.96;46.70;1011.88
16/06/2020 21:52;25.99;46.93;1011.95
16/06/2020 21:57;25.98;47.09;1012.09
16/06/2020 22:02;25.89;47.19;1012.23
16/06/2020 22:07;25.84;47.37;1012.36
16/06/2020 22:12;25.75;48.18;1012.45
16/06/2020 22:17;25.76;47.93;1012.53
16/06/2020 22:22;25.76;48.25;1012.72
16/06/2020 22:27;25.85;47.78;1012.84
16/06/2020 22:32;25.85;47.77;1012.89
17/06/2020 17:48;24.35;54.27;1009.84
17/06/2020 17:53;24.89;52.52;1009.73
17/06/2020 17:58;25.23;51.97;1009.70
17/06/2020 18:03;25.28;51.58;1009.64
17/06/2020 18:08;25.32;52.03;1009.59
17/06/2020 18:13;25.37;52.65;1009.58
17/06/2020 18:18;25.48;52.24;1009.53
17/06/2020 18:23;25.50;51.05;1009.52
17/06/2020 18:28;25.38;51.48;1009.46
17/06/2020 18:33;25.40;51.57;1009.45
17/06/2020 18:38;25.47;51.76;1009.38
17/06/2020 18:48;25.39;51.53;1009.46
17/06/2020 18:53;25.31;51.38;1009.47
17/06/2020 18:58;25.33;50.98;1009.45
17/06/2020 19:08;25.22;50.63;1009.48
17/06/2020 19:13;25.16;50.02;1009.44
17/06/2020 19:18;24.86;49.97;1009.51
17/06/2020 19:23;24.80;49.62;1009.60
17/06/2020 19:28;24.69;49.88;1009.61
17/06/2020 19:33;24.81;49.48;1009.54
17/06/2020 19:38;24.79;49.07;1009.58
17/06/2020 19:43;24.91;49.85;1009.69
17/06/2020 19:48;24.97;50.18;1009.76
17/06/2020 19:53;24.98;50.24;1009.79
17/06/2020 19:58;24.99;50.30;1009.77
17/06/2020 20:03;24.80;51.21;1009.86
17/06/2020 20:08;24.89;51.78;1009.87
17/06/2020 20:13;24.90;51.60;1009.97
17/06/2020 20:18;24.93;51.33;1010.04
17/06/2020 20:23;24.93;51.67;1010.06
17/06/2020 20:28;25.06;50.83;1010.07
17/06/2020 20:33;25.15;50.53;1010.08
17/06/2020 20:38;25.15;50.82;1010.09
17/06/2020 20:43;25.13;50.59;1010.11
17/06/2020 20:48;25.05;50.29;1010.13
17/06/2020 20:53;25.07;50.25;1010.17
17/06/2020 20:58;24.98;50.43;1010.22
17/06/2020 21:03;25.12;50.43;1010.19
17/06/2020 21:08;25.01;50.23;1010.27
17/06/2020 21:13;25.02;50.55;1010.40
17/06/2020 21:18;24.78;51.36;1010.48
17/06/2020 21:23;24.83;51.18;1010.56
17/06/2020 21:28;24.82;51.33;1010.60
17/06/2020 21:33;24.98;51.27;1010.68
17/06/2020 21:38;24.93;51.67;1010.70
17/06/2020 21:43;24.90;51.41;1010.75
17/06/2020 21:51;24.94;50.83;1010.86
17/06/2020 21:56;25.05;49.81;1010.93
17/06/2020 22:01;25.08;50.30;1010.96
17/06/2020 22:06;25.23;50.11;1010.99
17/06/2020 22:11;25.23;49.84;1011.00
17/06/2020 22:16;25.04;50.39;1011.03
17/06/2020 22:21;25.09;50.63;1011.09
17/06/2020 22:26;25.07;50.60;1011.05
17/06/2020 22:31;25.07;50.50;1011.10
17/06/2020 22:36;25.01;50.67;1011.24
17/06/2020 22:41;25.05;50.44;1011.28
17/06/2020 22:46;24.99;50.54;1011.38
17/06/2020 22:51;24.97;50.59;1011.43
17/06/2020 22:56;24.93;50.40;1011.46
17/06/2020 23:01;24.98;50.41;1011.53
17/06/2020 23:06;24.96;50.63;1011.52
17/06/2020 23:11;24.96;50.35;1011.54
17/06/2020 23:16;24.93;50.84;1011.60
17/06/2020 23:21;24.93;50.61;1011.67
17/06/2020 23:26;24.90;50.85;1011.74
17/06/2020 23:31;24.86;50.82;1011.79
17/06/2020 23:36;24.88;50.70;1011.83
17/06/2020 23:41;24.89;51.26;1011.81
17/06/2020 23:46;24.85;51.10;1011.83
17/06/2020 23:51;24.86;51.10;1011.86
17/06/2020 23:56;24.85;50.92;1011.82
18/06/2020 0:01;24.90;51.27;1011.86
18/06/2020 0:06;24.93;50.70;1011.82
18/06/2020 0:11;24.93;51.37;1011.93
18/06/2020 0:16;24.92;51.31;1011.95
18/06/2020 0:21;24.91;51.13;1011.93
18/06/2020 0:26;24.91;51.23;1011.89
18/06/2020 0:31;24.89;51.26;1011.99
18/06/2020 0:36;24.91;50.84;1012.09
18/06/2020 0:41;24.86;51.52;1012.09
18/06/2020 0:46;24.88;50.64;1012.08
18/06/2020 0:51;24.88;51.01;1012.13
18/06/2020 0:56;24.81;51.40;1012.17
18/06/2020 1:01;24.82;51.53;1012.25
18/06/2020 1:06;24.79;51.20;1012.26
18/06/2020 1:11;24.83;51.30;1012.22
18/06/2020 1:16;24.81;51.81;1012.20
18/06/2020 1:21;24.84;51.24;1012.22
18/06/2020 1:26;24.83;51.63;1012.21
18/06/2020 1:31;24.78;51.61;1012.23
18/06/2020 1:36;24.80;51.40;1012.26
18/06/2020 1:41;24.82;51.29;1012.25
18/06/2020 1:46;24.75;51.23;1012.33
18/06/2020 1:51;24.79;51.18;1012.28
18/06/2020 1:56;24.79;51.56;1012.29
18/06/2020 2:01;24.72;49.61;1012.34
18/06/2020 2:06;24.74;50.24;1012.42
18/06/2020 2:11;24.71;49.27;1012.37
18/06/2020 2:16;24.71;50.23;1012.42
18/06/2020 2:21;24.74;49.05;1012.47
18/06/2020 2:26;24.72;49.05;1012.50
18/06/2020 2:31;24.73;48.33;1012.53
18/06/2020 2:36;24.64;48.04;1012.47
18/06/2020 2:41;24.67;48.08;1012.48
18/06/2020 2:46;24.64;48.79;1012.47
18/06/2020 2:51;24.64;49.20;1012.47
18/06/2020 2:56;24.62;48.87;1012.47
18/06/2020 3:01;24.60;48.23;1012.46
18/06/2020 3:06;24.60;49.00;1012.46
18/06/2020 3:11;24.61;48.92;1012.40
18/06/2020 3:16;24.56;48.87;1012.31
18/06/2020 3:21;24.57;49.03;1012.34
18/06/2020 3:26;24.58;49.62;1012.31
18/06/2020 3:31;24.54;48.68;1012.22
18/06/2020 3:36;24.55;48.90;1012.21
18/06/2020 3:41;24.50;48.91;1012.17
18/06/2020 3:46;24.49;49.22;1012.12
18/06/2020 3:51;24.51;49.45;1012.08
18/06/2020 3:56;24.53;49.84;1012.08
18/06/2020 4:01;24.56;49.80;1012.04
18/06/2020 4:06;24.48;50.13;1012.00
18/06/2020 4:11;24.50;50.15;1012.06
18/06/2020 4:16;24.50;50.35;1012.05
18/06/2020 4:21;24.51;50.14;1012.06
18/06/2020 4:26;24.52;50.16;1012.07
18/06/2020 4:31;24.43;50.11;1012.10
18/06/2020 4:36;24.38;50.32;1012.15
18/06/2020 4:41;24.41;50.18;1012.21
18/06/2020 4:46;24.39;50.35;1012.19
18/06/2020 4:51;24.41;50.38;1012.14
18/06/2020 4:56;24.42;50.31;1012.20
18/06/2020 5:01;24.43;50.23;1012.18
18/06/2020 5:06;24.44;50.33;1012.25
18/06/2020 5:11;24.43;50.11;1012.26
18/06/2020 5:16;24.45;49.94;1012.31
18/06/2020 5:21;24.42;50.82;1012.36
18/06/2020 5:26;24.47;49.91;1012.38
18/06/2020 5:31;24.39;50.01;1012.42
18/06/2020 5:36;24.40;49.96;1012.43
18/06/2020 5:41;24.42;50.04;1012.48
18/06/2020 5:46;24.42;50.19;1012.39
18/06/2020 5:51;24.35;50.27;1012.49
18/06/2020 5:56;24.36;50.10;1012.50
18/06/2020 6:01;24.37;50.48;1012.52
18/06/2020 6:06;24.33;50.25;1012.56
18/06/2020 6:11;24.29;49.88;1012.56
18/06/2020 6:16;24.37;49.92;1012.61
18/06/2020 6:21;24.37;50.04;1012.71
18/06/2020 6:26;24.31;49.93;1012.67
18/06/2020 6:31;24.22;49.97;1012.65
18/06/2020 6:36;24.17;50.07;1012.69
18/06/2020 6:41;24.13;49.92;1012.78
18/06/2020 6:46;24.16;49.90;1012.78
18/06/2020 6:51;24.14;50.51;1012.78
18/06/2020 6:56;24.14;49.57;1012.76
18/06/2020 7:01;24.18;49.62;1012.81
18/06/2020 7:06;24.23;49.52;1012.80
18/06/2020 7:11;24.21;49.47;1012.80
18/06/2020 7:16;24.14;49.64;1012.78
18/06/2020 7:21;24.07;49.61;1012.75
18/06/2020 7:26;24.08;49.57;1012.81
18/06/2020 7:31;24.12;49.46;1012.75
18/06/2020 7:36;24.09;49.42;1012.69
18/06/2020 7:41;24.14;49.44;1012.59
18/06/2020 7:46;24.16;49.52;1012.48
18/06/2020 7:51;24.17;49.55;1012.46
18/06/2020 7:56;24.17;49.48;1012.44
18/06/2020 8:01;24.13;49.16;1012.39
18/06/2020 8:06;24.15;48.94;1012.41
18/06/2020 8:11;24.15;48.95;1012.42
18/06/2020 8:16;24.17;49.16;1012.39
18/06/2020 8:21;24.15;49.10;1012.35
18/06/2020 8:26;24.15;49.01;1012.33
18/06/2020 8:31;24.20;48.91;1012.32
18/06/2020 8:36;24.20;49.17;1012.33
18/06/2020 8:41;24.26;49.45;1012.34
18/06/2020 8:46;24.33;49.15;1012.25
18/06/2020 8:51;24.34;48.95;1012.18
18/06/2020 8:56;24.26;48.90;1012.17
18/06/2020 9:01;24.13;49.26;1012.16
18/06/2020 9:06;24.00;49.82;1012.06
18/06/2020 9:11;24.27;49.38;1012.06
18/06/2020 9:16;24.42;49.26;1011.98
18/06/2020 9:21;24.56;49.12;1011.93
18/06/2020 9:26;24.54;49.67;1011.86
18/06/2020 9:31;24.51;50.54;1011.89
18/06/2020 9:36;24.56;51.26;1011.84
18/06/2020 9:41;24.57;51.26;1011.87
18/06/2020 9:46;24.53;50.12;1011.82
18/06/2020 9:51;24.35;51.09;1011.76
18/06/2020 9:56;24.50;50.92;1011.71
18/06/2020 10:01;24.51;49.93;1011.67
18/06/2020 10:06;24.42;49.20;1011.60
18/06/2020 10:11;24.44;49.60;1011.56
18/06/2020 10:16;24.45;49.71;1011.45
18/06/2020 10:21;24.45;50.10;1011.40
18/06/2020 10:26;24.58;49.23;1011.35
18/06/2020 10:31;24.66;47.74;1011.33
18/06/2020 10:36;24.90;47.81;1011.31
18/06/2020 10:41;24.76;48.17;1011.29
18/06/2020 10:46;24.98;47.35;1011.24
18/06/2020 10:51;25.06;47.00;1011.12
18/06/2020 10:56;24.88;48.05;1011.11
18/06/2020 11:01;24.86;47.92;1011.08
18/06/2020 11:06;24.99;46.85;1011.05
18/06/2020 11:11;25.18;47.45;1011.06
18/06/2020 11:16;25.25;46.69;1010.97
18/06/2020 11:21;25.11;45.80;1010.98
18/06/2020 11:26;25.23;46.47;1010.90
18/06/2020 11:31;25.06;46.35;1010.80
18/06/2020 11:36;24.93;45.99;1010.74
18/06/2020 11:41;25.12;44.92;1010.67
18/06/2020 11:46;25.19;45.68;1010.57
18/06/2020 11:51;25.25;45.83;1010.49
18/06/2020 11:56;25.02;46.43;1010.40
18/06/2020 12:01;25.35;45.43;1010.34
18/06/2020 12:06;25.45;44.27;1010.30
18/06/2020 12:11;25.50;42.75;1010.25
18/06/2020 12:16;25.48;43.35;1010.19
18/06/2020 12:21;25.60;42.07;1010.13
18/06/2020 12:26;25.49;44.06;1010.09
18/06/2020 12:31;25.52;43.32;1010.03
18/06/2020 12:36;25.62;43.37;1009.98
18/06/2020 12:41;25.69;42.01;1009.99
18/06/2020 12:46;25.75;41.50;1009.92
18/06/2020 12:51;25.76;41.21;1009.91
18/06/2020 12:56;25.73;41.74;1009.91
18/06/2020 13:01;25.73;42.17;1009.84
18/06/2020 13:06;25.75;41.31;1009.76
18/06/2020 13:11;25.79;40.81;1009.76
18/06/2020 13:16;25.84;39.92;1009.73
18/06/2020 13:21;25.87;40.40;1009.71
18/06/2020 13:26;25.97;41.68;1009.68
18/06/2020 13:31;25.85;41.77;1009.62
18/06/2020 13:36;25.80;41.30;1009.57
18/06/2020 13:41;25.94;41.30;1009.58
18/06/2020 13:46;25.92;41.89;1009.58
18/06/2020 13:51;26.03;41.95;1009.58
18/06/2020 13:56;26.11;42.25;1009.59
18/06/2020 14:01;26.38;42.26;1009.58
18/06/2020 14:06;26.43;42.29;1009.50
18/06/2020 14:11;26.35;42.26;1009.50
18/06/2020 17:26;26.52;39.83;1008.54
18/06/2020 17:31;26.56;39.49;1008.54
18/06/2020 17:36;26.64;39.08;1008.61
18/06/2020 17:41;26.56;38.82;1008.55
18/06/2020 17:46;26.71;38.89;1008.61
18/06/2020 17:51;26.76;39.77;1008.68
18/06/2020 17:56;26.82;39.73;1008.64
18/06/2020 18:01;26.66;40.26;1008.79
18/06/2020 18:06;26.77;40.44;1008.69
18/06/2020 18:11;26.72;39.81;1008.80
18/06/2020 18:16;26.73;39.16;1008.99
18/06/2020 18:21;26.74;39.01;1008.91
18/06/2020 18:26;26.87;38.77;1008.97
18/06/2020 18:31;26.82;38.82;1009.04
18/06/2020 18:36;26.85;39.06;1009.21
18/06/2020 18:41;26.83;39.37;1009.32
18/06/2020 18:46;26.82;39.61;1009.36
18/06/2020 18:51;26.85;39.70;1009.43
18/06/2020 18:56;26.77;38.46;1009.70
18/06/2020 19:01;26.69;39.17;1009.81
18/06/2020 19:06;26.78;39.06;1009.94
18/06/2020 19:11;26.80;39.25;1009.94
18/06/2020 19:16;26.77;38.44;1009.92
18/06/2020 19:21;26.69;38.21;1009.95
18/06/2020 19:26;26.70;38.44;1010.00
18/06/2020 19:31;26.63;39.48;1009.95
18/06/2020 19:36;26.69;39.17;1010.11
18/06/2020 19:41;26.59;39.51;1010.12
18/06/2020 19:46;26.61;39.90;1010.20
18/06/2020 19:51;26.61;40.00;1010.19
18/06/2020 19:56;26.59;40.19;1010.32
18/06/2020 20:01;26.55;40.78;1010.48
18/06/2020 20:06;26.63;40.83;1010.52
18/06/2020 20:11;26.46;40.24;1010.50
18/06/2020 20:16;26.60;40.76;1010.59
18/06/2020 20:21;26.65;40.39;1010.62
18/06/2020 20:26;26.69;40.60;1010.71
18/06/2020 20:31;26.52;40.36;1010.77
18/06/2020 20:36;26.61;40.51;1010.83
18/06/2020 20:41;26.62;40.27;1010.87
18/06/2020 20:46;26.52;40.57;1011.03
18/06/2020 20:51;26.39;39.91;1011.17
18/06/2020 20:56;26.36;40.27;1011.20
18/06/2020 21:01;26.29;40.26;1011.27
18/06/2020 21:06;26.21;40.28;1011.27
18/06/2020 21:11;26.51;39.95;1011.35
18/06/2020 21:16;26.51;39.88;1011.52
18/06/2020 21:21;26.58;40.21;1011.61
18/06/2020 21:26;26.37;40.78;1011.63
18/06/2020 21:31;26.27;40.92;1011.82
18/06/2020 21:36;26.32;40.72;1011.95
18/06/2020 21:41;26.26;40.96;1012.01
18/06/2020 21:46;26.26;41.08;1012.05
18/06/2020 21:51;26.45;40.88;1012.18
18/06/2020 21:56;26.34;41.03;1012.18
19/06/2020 17:03;24.39;47.77;1016.26
19/06/2020 17:08;25.08;46.36;1016.48
19/06/2020 17:13;25.40;45.76;1016.55
19/06/2020 17:18;25.60;45.77;1016.67
19/06/2020 17:23;25.67;45.69;1016.84
19/06/2020 17:28;25.82;45.16;1017.01
19/06/2020 17:33;25.90;44.65;1017.01
19/06/2020 17:38;25.96;44.60;1016.96
19/06/2020 17:43;26.01;45.22;1016.91
19/06/2020 17:48;25.82;44.81;1016.94
19/06/2020 17:53;25.76;45.69;1016.95
19/06/2020 17:58;25.68;45.89;1016.90
19/06/2020 18:03;25.57;46.00;1016.89
19/06/2020 18:08;25.51;46.40;1016.81
19/06/2020 18:13;25.59;45.56;1016.81
19/06/2020 18:18;25.45;46.31;1016.79
19/06/2020 18:23;25.48;44.93;1016.73
19/06/2020 18:28;25.40;43.64;1016.70
19/06/2020 18:33;25.40;44.35;1016.65
19/06/2020 18:38;25.31;44.54;1016.61
19/06/2020 18:43;25.38;44.31;1016.64
19/06/2020 18:48;25.42;44.09;1016.68
19/06/2020 18:53;25.24;44.61;1016.76
19/06/2020 18:58;25.28;43.74;1016.73
19/06/2020 19:03;25.18;43.96;1016.77
19/06/2020 19:08;25.30;43.46;1016.74
19/06/2020 19:13;25.21;43.69;1016.76
19/06/2020 19:18;25.06;43.83;1016.72
19/06/2020 19:23;24.89;44.03;1016.68
19/06/2020 19:28;24.81;44.15;1016.65
19/06/2020 19:33;25.01;43.66;1016.71
19/06/2020 19:38;25.09;43.82;1016.78
19/06/2020 19:43;25.21;44.02;1016.83
19/06/2020 19:48;25.17;44.33;1016.81
19/06/2020 19:53;25.10;44.57;1016.84
19/06/2020 19:58;25.09;44.57;1016.83
19/06/2020 20:03;24.98;44.53;1016.82
19/06/2020 20:08;25.03;44.13;1016.86
19/06/2020 20:13;24.92;44.71;1016.85
19/06/2020 20:18;24.61;45.42;1016.85
19/06/2020 20:23;24.50;45.66;1016.80
19/06/2020 20:28;24.77;44.91;1016.78
19/06/2020 20:33;24.73;45.21;1016.77
19/06/2020 20:38;24.84;45.14;1016.77
19/06/2020 20:43;24.83;45.46;1016.75
19/06/2020 20:48;24.88;45.02;1016.84
19/06/2020 20:53;24.86;44.85;1016.87
19/06/2020 20:58;24.92;45.38;1016.87
19/06/2020 21:03;24.90;45.36;1016.90
19/06/2020 21:08;24.93;45.96;1016.96
19/06/2020 21:13;24.81;46.28;1016.98
19/06/2020 21:18;24.89;45.32;1017.04
19/06/2020 21:23;24.85;45.52;1017.14
19/06/2020 21:28;24.88;46.28;1017.25
19/06/2020 21:36;24.74;45.94;1017.43
19/06/2020 21:41;24.77;45.46;1017.55
19/06/2020 21:46;24.78;45.44;1017.63
19/06/2020 21:51;24.91;45.79;1017.71
19/06/2020 21:56;24.85;45.08;1017.78
19/06/2020 22:01;24.86;44.75;1017.89
19/06/2020 22:06;24.86;44.97;1018.00
19/06/2020 22:11;24.76;45.90;1018.08
19/06/2020 22:16;25.06;45.51;1018.10
19/06/2020 22:21;24.85;47.71;1018.09
19/06/2020 22:26;24.86;47.87;1018.24
19/06/2020 22:31;24.81;47.30;1018.18
19/06/2020 22:36;24.83;48.50;1018.28
19/06/2020 22:41;24.83;47.42;1018.34
19/06/2020 22:46;24.87;49.01;1018.36
19/06/2020 22:51;24.89;47.66;1018.41
19/06/2020 22:56;24.95;47.48;1018.42
19/06/2020 23:06;25.05;46.26;1018.39
20/06/2020 10:46;22.35;45.77;1018.13
20/06/2020 10:51;22.86;44.46;1017.98
20/06/2020 10:56;23.30;43.10;1017.99
20/06/2020 11:01;23.44;41.03;1017.96
20/06/2020 11:11;23.70;40.59;1017.86
20/06/2020 11:16;23.83;40.82;1017.81
20/06/2020 11:21;23.85;41.71;1017.74
20/06/2020 11:26;23.98;41.79;1017.71
20/06/2020 11:31;24.02;43.04;1017.63
20/06/2020 11:36;24.15;42.82;1017.58
20/06/2020 11:41;24.15;43.18;1017.61
20/06/2020 11:46;24.33;42.84;1017.47
20/06/2020 11:51;24.49;42.94;1017.39
20/06/2020 11:56;24.50;42.37;1017.33
20/06/2020 12:01;24.45;42.37;1017.32
20/06/2020 12:06;24.33;43.04;1017.22
20/06/2020 12:11;24.39;41.11;1017.17
20/06/2020 12:16;24.46;42.00;1017.11
20/06/2020 12:21;24.40;41.92;1017.10
20/06/2020 12:26;24.45;41.99;1017.01
20/06/2020 12:31;24.33;41.29;1016.93
20/06/2020 12:36;24.46;41.37;1016.84
20/06/2020 12:41;24.51;41.14;1016.82
20/06/2020 12:46;24.60;40.50;1016.76
20/06/2020 12:51;24.64;40.92;1016.63
20/06/2020 12:56;24.69;40.67;1016.56
20/06/2020 13:01;24.62;40.80;1016.45
20/06/2020 13:06;24.71;40.54;1016.44
20/06/2020 13:11;24.68;40.59;1016.39
20/06/2020 13:16;24.73;40.39;1016.35
20/06/2020 13:21;24.72;40.47;1016.33
20/06/2020 13:26;24.82;39.95;1016.34
20/06/2020 13:31;24.87;39.62;1016.21
20/06/2020 13:36;24.99;39.65;1016.11
20/06/2020 13:41;25.05;38.45;1016.03
20/06/2020 13:46;25.05;38.69;1016.07
20/06/2020 13:51;25.12;38.37;1016.02
20/06/2020 13:56;25.14;37.65;1015.94
20/06/2020 14:01;25.11;37.84;1015.87
20/06/2020 14:06;25.16;37.75;1015.77
20/06/2020 14:11;25.22;37.58;1015.73
20/06/2020 14:16;25.27;37.58;1015.70
20/06/2020 14:21;25.28;37.82;1015.54
20/06/2020 14:26;25.28;37.99;1015.49
20/06/2020 14:31;25.23;38.08;1015.54
20/06/2020 14:36;25.28;37.63;1015.59
20/06/2020 14:41;25.30;37.89;1015.55
20/06/2020 14:46;25.32;37.19;1015.41
20/06/2020 14:51;25.33;37.17;1015.42
20/06/2020 14:56;25.28;37.74;1015.49
20/06/2020 15:01;25.32;36.15;1015.26
20/06/2020 15:06;25.39;36.67;1015.26
20/06/2020 15:11;25.50;36.33;1015.13
20/06/2020 15:16;25.45;36.45;1015.07
20/06/2020 15:21;25.59;35.59;1015.07
20/06/2020 15:26;25.64;34.65;1015.10
20/06/2020 15:31;25.65;34.55;1015.04
20/06/2020 15:41;25.67;33.65;1014.92
20/06/2020 15:46;25.78;33.06;1014.85
20/06/2020 15:51;25.78;33.19;1014.83
20/06/2020 15:56;25.80;32.73;1014.85
20/06/2020 16:01;25.90;32.10;1014.88
20/06/2020 16:06;25.89;32.31;1014.88
20/06/2020 16:11;25.88;32.71;1014.72
20/06/2020 16:16;25.67;33.64;1014.69
20/06/2020 16:21;25.48;34.73;1014.74
20/06/2020 16:26;25.56;35.63;1014.63
20/06/2020 16:31;25.50;36.38;1014.61
20/06/2020 16:36;25.67;33.97;1014.56
20/06/2020 16:41;25.53;34.52;1014.49
20/06/2020 16:46;25.43;34.57;1014.47
20/06/2020 16:51;25.41;34.46;1014.54
20/06/2020 16:56;25.21;35.04;1014.53
20/06/2020 17:01;25.11;35.19;1014.56
20/06/2020 17:06;25.15;35.13;1014.57
20/06/2020 17:11;25.06;35.22;1014.50
20/06/2020 17:16;25.09;35.21;1014.51
20/06/2020 17:21;25.05;35.29;1014.50
20/06/2020 17:26;25.04;35.16;1014.53
20/06/2020 17:31;25.06;35.08;1014.49
20/06/2020 17:36;25.07;35.33;1014.44
20/06/2020 17:41;25.15;34.71;1014.42
20/06/2020 17:46;25.15;35.04;1014.38
20/06/2020 17:51;25.09;34.93;1014.33
20/06/2020 17:56;25.10;35.01;1014.31
20/06/2020 18:01;25.13;34.61;1014.27
20/06/2020 18:06;25.27;34.74;1014.22
20/06/2020 18:11;25.38;34.56;1014.16
20/06/2020 18:16;25.52;34.17;1014.20
20/06/2020 18:21;25.56;35.06;1014.23
20/06/2020 18:26;25.65;33.91;1014.22
20/06/2020 18:31;25.61;34.37;1014.23
20/06/2020 18:36;25.62;33.77;1014.22
20/06/2020 18:41;25.56;34.03;1014.27
20/06/2020 18:46;25.58;34.55;1014.34
20/06/2020 18:51;25.62;34.50;1014.36
20/06/2020 18:56;25.63;34.36;1014.34
20/06/2020 19:01;25.64;34.10;1014.32
20/06/2020 19:06;25.70;33.54;1014.46
20/06/2020 19:11;25.67;33.50;1014.48
20/06/2020 19:16;25.67;33.23;1014.49
20/06/2020 19:21;25.68;33.00;1014.51
20/06/2020 19:26;25.64;33.27;1014.60
20/06/2020 19:31;25.67;33.23;1014.63
20/06/2020 19:36;25.70;33.08;1014.67
20/06/2020 19:41;25.69;33.04;1014.69
20/06/2020 19:46;25.69;32.27;1014.71
20/06/2020 19:51;25.70;32.40;1014.78
20/06/2020 19:56;25.68;31.47;1014.85
20/06/2020 20:01;25.63;32.39;1014.94
20/06/2020 20:06;25.63;32.55;1014.98
20/06/2020 20:11;25.61;33.26;1015.05
20/06/2020 20:16;25.61;33.45;1015.14
20/06/2020 20:21;25.63;32.98;1015.21
20/06/2020 20:26;25.60;32.77;1015.33
20/06/2020 20:31;25.65;32.30;1015.42
20/06/2020 20:36;25.55;32.41;1015.45
20/06/2020 20:41;25.56;32.36;1015.53
20/06/2020 20:46;25.44;32.06;1015.54
20/06/2020 20:51;25.59;32.64;1015.60
20/06/2020 20:56;25.68;32.44;1015.66
20/06/2020 21:01;25.57;32.64;1015.69
20/06/2020 21:06;25.54;33.09;1015.90
20/06/2020 21:11;25.52;33.43;1016.05
20/06/2020 21:16;25.47;33.64;1016.05
20/06/2020 21:21;25.43;33.72;1016.20
20/06/2020 21:26;25.40;33.72;1016.20
20/06/2020 21:31;25.39;33.75;1016.32
20/06/2020 21:36;25.35;33.48;1016.49
20/06/2020 21:41;25.33;33.76;1016.61
20/06/2020 21:46;25.32;33.82;1016.75
20/06/2020 21:51;25.28;34.33;1016.84
20/06/2020 21:56;25.43;34.21;1016.92
21/06/2020 10:49;24.16;37.28;1015.83
21/06/2020 10:54;24.45;36.33;1015.74
21/06/2020 10:59;24.63;34.78;1015.75
21/06/2020 11:04;24.98;32.03;1015.82
21/06/2020 11:09;24.98;32.98;1015.81
21/06/2020 11:14;25.03;32.67;1015.73
21/06/2020 11:19;25.18;32.35;1015.76
21/06/2020 11:24;25.19;31.96;1015.77
21/06/2020 11:29;25.18;32.16;1015.69
21/06/2020 11:34;25.19;31.72;1015.69
21/06/2020 11:39;25.32;31.43;1015.66
21/06/2020 11:44;25.40;30.92;1015.69
21/06/2020 11:49;25.52;30.33;1015.63
21/06/2020 11:54;25.44;30.88;1015.85
21/06/2020 11:59;25.52;30.45;1015.77
21/06/2020 12:04;25.49;30.81;1015.74
21/06/2020 12:09;25.62;30.58;1015.78
21/06/2020 12:14;25.62;30.51;1015.74
21/06/2020 12:19;25.73;30.52;1015.75
21/06/2020 12:24;25.70;30.37;1015.79
21/06/2020 12:29;25.79;29.14;1015.72
21/06/2020 12:34;25.80;29.66;1015.75
21/06/2020 12:39;25.88;29.54;1015.65
21/06/2020 12:44;25.89;29.63;1015.64
21/06/2020 12:49;25.86;30.30;1015.71
21/06/2020 12:54;25.85;29.86;1015.68
21/06/2020 12:59;25.98;29.82;1015.67
21/06/2020 13:04;25.99;29.78;1015.74
21/06/2020 13:09;26.07;29.45;1015.80
21/06/2020 13:14;26.20;29.42;1015.69
21/06/2020 13:19;26.27;28.92;1015.73
21/06/2020 13:24;26.32;28.84;1015.68
21/06/2020 13:29;26.31;28.93;1015.72
21/06/2020 13:34;26.25;29.44;1015.68
21/06/2020 13:39;26.27;29.61;1015.75
21/06/2020 13:44;26.00;30.16;1015.63
21/06/2020 13:49;26.16;30.09;1015.65
21/06/2020 13:54;26.33;29.76;1015.75
21/06/2020 13:59;26.39;29.92;1015.67
21/06/2020 14:04;26.43;30.02;1015.78
21/06/2020 14:09;26.44;29.71;1015.63
21/06/2020 14:14;26.52;29.67;1015.68
21/06/2020 14:19;26.50;29.88;1015.78
21/06/2020 14:24;26.49;29.60;1015.83
21/06/2020 20:19;26.96;35.58;1017.23
21/06/2020 20:24;26.96;35.58;1017.27
21/06/2020 20:29;26.90;35.39;1017.41
21/06/2020 20:34;26.88;35.13;1017.45
21/06/2020 20:39;26.84;34.53;1017.45
21/06/2020 20:49;26.70;33.98;1017.52
21/06/2020 20:54;26.79;34.03;1017.51
21/06/2020 20:59;26.86;34.22;1017.61
21/06/2020 21:04;26.90;34.59;1017.66
21/06/2020 21:09;26.91;35.70;1017.71
21/06/2020 21:14;26.85;35.66;1017.74
21/06/2020 21:19;26.67;34.55;1017.78
21/06/2020 21:24;26.65;35.09;1017.94
21/06/2020 21:29;26.69;34.40;1017.99
21/06/2020 21:34;26.64;34.54;1017.98
22/06/2020 17:24;27.53;30.92;1018.59
22/06/2020 17:29;27.54;30.92;1018.56
22/06/2020 17:34;27.62;30.64;1018.52
22/06/2020 17:39;27.64;30.84;1018.47
22/06/2020 17:44;27.75;29.80;1018.54
22/06/2020 17:49;27.88;30.16;1018.60
22/06/2020 17:54;27.95;30.80;1018.57
22/06/2020 17:59;27.93;30.71;1018.61
22/06/2020 18:04;27.95;31.39;1018.63
22/06/2020 18:09;28.00;32.35;1018.57
22/06/2020 18:14;28.03;33.26;1018.60
22/06/2020 18:19;28.04;33.33;1018.70
22/06/2020 18:24;28.01;33.10;1018.74
22/06/2020 18:29;28.01;31.10;1018.73
22/06/2020 18:34;28.05;30.99;1018.76
22/06/2020 18:39;28.20;30.50;1018.80
22/06/2020 18:44;27.93;30.80;1018.77
22/06/2020 18:49;27.43;31.57;1018.85
22/06/2020 18:54;27.43;31.25;1018.73
22/06/2020 18:59;27.36;31.04;1018.77
22/06/2020 19:04;27.39;30.63;1018.93
22/06/2020 19:09;27.38;30.80;1018.87
22/06/2020 19:14;27.34;30.93;1018.93
22/06/2020 19:19;27.24;30.84;1018.87
22/06/2020 19:24;27.27;30.45;1018.90
22/06/2020 19:29;27.34;30.28;1019.07
22/06/2020 19:34;27.22;30.39;1019.03
22/06/2020 19:39;27.42;30.40;1019.00
22/06/2020 19:44;27.43;30.92;1018.95
22/06/2020 19:49;27.46;31.16;1019.03
22/06/2020 19:54;27.66;31.09;1019.03
22/06/2020 19:59;27.87;30.53;1019.08
22/06/2020 20:04;27.76;30.64;1019.12
22/06/2020 20:09;27.88;30.10;1019.10
22/06/2020 20:14;27.93;29.49;1019.23
22/06/2020 20:19;27.86;29.30;1019.23
22/06/2020 20:24;27.88;29.36;1019.32
22/06/2020 20:29;27.79;29.41;1019.32
22/06/2020 20:34;27.83;29.45;1019.32
22/06/2020 20:39;27.87;29.06;1019.25
22/06/2020 20:44;27.90;28.91;1019.35
22/06/2020 20:49;27.82;28.88;1019.30
22/06/2020 20:54;27.78;28.95;1019.41
22/06/2020 20:59;27.69;29.12;1019.52
22/06/2020 21:04;28.10;28.62;1019.58
22/06/2020 21:09;27.91;29.36;1019.58
22/06/2020 21:14;27.75;29.42;1019.63
22/06/2020 21:19;27.82;29.31;1019.75
22/06/2020 21:24;27.83;29.17;1019.78
22/06/2020 21:29;27.83;29.13;1019.87
22/06/2020 21:34;27.72;29.09;1019.94
22/06/2020 21:39;27.82;29.20;1019.95
22/06/2020 21:44;27.82;29.52;1020.14
22/06/2020 21:49;27.84;29.58;1020.20
22/06/2020 21:54;27.82;29.64;1020.15
22/06/2020 21:59;27.88;29.91;1020.18
22/06/2020 22:04;27.94;29.83;1020.29
22/06/2020 22:09;27.84;30.04;1020.28
22/06/2020 22:14;27.84;29.73;1020.37
22/06/2020 22:19;27.91;30.10;1020.45
22/06/2020 22:24;27.82;30.17;1020.58
22/06/2020 22:29;27.81;30.45;1020.57
22/06/2020 22:34;27.85;30.49;1020.61
22/06/2020 22:39;27.70;30.80;1020.65
22/06/2020 22:44;27.25;31.71;1020.71
22/06/2020 22:49;27.02;32.18;1020.67
22/06/2020 22:54;27.03;32.48;1020.67
22/06/2020 22:59;26.98;32.74;1020.68
22/06/2020 23:04;27.08;32.87;1020.62
22/06/2020 23:09;26.99;33.28;1020.73
22/06/2020 23:14;26.90;33.51;1020.76
22/06/2020 23:19;26.89;33.48;1020.89
22/06/2020 23:24;26.90;33.14;1020.83
22/06/2020 23:29;26.77;33.28;1020.94
22/06/2020 23:34;26.74;33.10;1020.91
22/06/2020 23:39;26.71;33.02;1020.89
22/06/2020 23:44;26.80;32.96;1021.02
22/06/2020 23:49;26.78;32.98;1020.99
22/06/2020 23:54;26.66;33.15;1021.10
22/06/2020 23:59;26.82;33.07;1021.14
23/06/2020 0:04;26.86;33.07;1021.20
23/06/2020 0:09;26.77;33.39;1021.19
23/06/2020 0:14;26.84;33.34;1021.26
23/06/2020 0:19;26.95;33.15;1021.25
23/06/2020 0:24;27.20;32.41;1021.34
23/06/2020 0:29;27.18;32.26;1021.41
23/06/2020 0:34;27.18;32.10;1021.45
23/06/2020 0:39;27.08;32.16;1021.50
23/06/2020 0:44;27.01;32.10;1021.52
23/06/2020 0:49;27.02;32.03;1021.54
23/06/2020 0:54;26.94;32.11;1021.57
23/06/2020 0:59;27.03;32.02;1021.69
23/06/2020 1:04;26.82;32.07;1021.77
23/06/2020 1:09;26.90;32.01;1021.81
23/06/2020 1:14;26.86;32.01;1021.73
23/06/2020 1:19;26.77;32.13;1021.78
23/06/2020 1:24;26.79;32.11;1021.81
23/06/2020 1:29;26.75;32.21;1021.83
23/06/2020 1:34;26.75;32.18;1021.79
23/06/2020 1:39;26.92;32.85;1021.77
23/06/2020 1:44;26.98;32.70;1021.76
23/06/2020 1:49;26.92;32.73;1021.83
23/06/2020 1:54;26.86;32.86;1021.84
23/06/2020 1:59;27.07;32.65;1021.84
23/06/2020 2:04;26.94;32.84;1021.86
23/06/2020 2:09;26.78;32.28;1021.88
23/06/2020 2:14;26.74;32.18;1021.87
23/06/2020 2:19;26.74;32.20;1021.80
23/06/2020 2:24;26.70;32.01;1021.83
23/06/2020 2:29;26.70;31.92;1021.71
23/06/2020 2:34;26.62;32.02;1021.71
23/06/2020 2:39;26.78;32.55;1021.72
23/06/2020 2:44;26.77;32.52;1021.78
23/06/2020 2:49;26.70;32.48;1021.84
23/06/2020 2:54;26.71;32.42;1021.83
23/06/2020 2:59;26.75;32.49;1021.78
23/06/2020 3:04;26.74;32.68;1021.71
23/06/2020 3:09;26.80;32.28;1021.74
23/06/2020 3:14;26.76;31.84;1021.67
23/06/2020 3:19;26.62;31.96;1021.71
23/06/2020 3:24;26.63;31.92;1021.69
23/06/2020 3:29;26.55;31.94;1021.71
23/06/2020 3:34;26.61;31.82;1021.71
23/06/2020 3:39;26.67;32.51;1021.67
23/06/2020 3:44;26.70;32.42;1021.64
23/06/2020 3:49;26.66;32.58;1021.55
23/06/2020 3:54;26.57;32.78;1021.66
23/06/2020 3:59;26.58;32.63;1021.75
23/06/2020 4:04;26.65;32.54;1021.70
23/06/2020 4:09;26.38;32.34;1021.72
23/06/2020 4:14;26.48;32.02;1021.70
23/06/2020 4:19;26.49;31.94;1021.72
23/06/2020 4:24;26.44;31.97;1021.76
23/06/2020 4:29;26.52;31.87;1021.77
23/06/2020 4:34;26.47;31.72;1021.79
23/06/2020 4:39;26.46;32.79;1021.88
23/06/2020 4:44;26.50;32.87;1021.87
23/06/2020 4:49;26.52;32.90;1021.92
23/06/2020 4:54;26.37;33.13;1022.00
23/06/2020 4:59;26.33;33.30;1021.96
23/06/2020 5:04;26.40;32.89;1021.95
23/06/2020 5:09;26.43;32.45;1021.95
23/06/2020 5:14;26.29;32.71;1021.95
23/06/2020 5:19;26.31;32.49;1022.00
23/06/2020 5:24;26.34;32.75;1021.99
23/06/2020 5:29;26.35;32.47;1022.04
23/06/2020 5:34;26.25;32.76;1022.14
23/06/2020 5:39;26.27;32.83;1022.14
23/06/2020 5:44;26.16;33.18;1022.19
23/06/2020 5:49;26.26;32.80;1022.16
23/06/2020 5:54;26.28;33.02;1022.14
23/06/2020 5:59;26.35;32.70;1022.20
23/06/2020 6:04;26.28;32.63;1022.19
23/06/2020 6:09;26.17;32.70;1022.23
23/06/2020 6:14;26.23;32.68;1022.28
23/06/2020 6:19;26.12;32.99;1022.30
23/06/2020 6:24;26.16;32.88;1022.25
23/06/2020 6:29;26.11;33.04;1022.31
23/06/2020 6:34;26.18;32.86;1022.29
23/06/2020 6:39;25.96;33.92;1022.30
23/06/2020 6:44;25.96;33.99;1022.29
23/06/2020 6:49;25.83;34.43;1022.30
23/06/2020 6:54;25.81;34.46;1022.38
23/06/2020 6:59;25.92;34.39;1022.32
23/06/2020 7:04;26.01;34.36;1022.36
23/06/2020 7:09;25.99;33.79;1022.39
23/06/2020 7:14;26.01;33.64;1022.42
23/06/2020 7:19;26.04;33.49;1022.48
23/06/2020 7:24;26.11;33.34;1022.43
23/06/2020 7:29;26.05;33.99;1022.38
23/06/2020 7:34;25.97;33.84;1022.37
23/06/2020 7:39;25.89;34.53;1022.43
23/06/2020 7:44;26.01;34.13;1022.33
23/06/2020 7:49;25.95;34.26;1022.31
23/06/2020 7:54;26.03;34.28;1022.31
23/06/2020 7:59;26.10;34.12;1022.24
23/06/2020 8:04;26.23;33.92;1022.20
23/06/2020 8:09;26.36;33.67;1022.16
23/06/2020 8:14;26.35;33.67;1022.11
23/06/2020 8:19;26.34;34.27;1022.11
23/06/2020 8:24;26.40;33.95;1022.06
23/06/2020 8:29;26.35;34.20;1021.99
23/06/2020 8:34;26.47;34.66;1021.98
23/06/2020 8:39;26.44;34.24;1021.96
23/06/2020 8:44;26.11;35.41;1021.92
23/06/2020 8:49;26.13;35.40;1021.90
23/06/2020 8:54;26.17;35.47;1021.85
23/06/2020 8:59;26.18;35.50;1021.84
23/06/2020 9:04;26.12;35.67;1021.83
23/06/2020 9:09;26.12;35.78;1021.71
23/06/2020 9:14;26.21;35.55;1021.60
23/06/2020 9:19;26.51;35.69;1021.62
23/06/2020 9:24;26.61;35.36;1021.62
23/06/2020 9:29;26.73;35.41;1021.58
23/06/2020 9:34;26.84;35.13;1021.57
23/06/2020 9:39;26.91;36.63;1021.50
23/06/2020 9:44;26.62;34.96;1021.46
23/06/2020 9:49;26.52;35.37;1021.44
23/06/2020 9:54;26.54;35.41;1021.33
23/06/2020 10:05;26.02;35.76;1021.17
23/06/2020 10:10;26.21;35.01;1021.12
23/06/2020 10:15;26.44;34.97;1021.06
23/06/2020 10:20;26.46;34.28;1020.99
23/06/2020 10:25;26.60;34.32;1020.83
23/06/2020 10:30;26.58;34.19;1020.74
23/06/2020 10:35;26.66;34.17;1020.70
23/06/2020 10:40;26.71;34.41;1020.63
23/06/2020 10:45;26.88;34.35;1020.55
23/06/2020 10:50;26.98;33.56;1020.46
23/06/2020 10:55;27.02;33.52;1020.38
23/06/2020 11:00;27.15;33.54;1020.35
23/06/2020 11:05;27.10;34.07;1020.22
23/06/2020 11:10;27.10;34.21;1020.23
23/06/2020 11:15;27.13;34.07;1020.13
23/06/2020 11:20;27.13;34.63;1019.97
23/06/2020 11:25;27.12;34.15;1019.86
23/06/2020 11:30;27.15;34.35;1019.82
23/06/2020 11:35;27.22;34.12;1019.71
23/06/2020 11:40;27.19;34.02;1019.60
23/06/2020 11:45;27.27;33.97;1019.53
23/06/2020 11:50;27.26;34.36;1019.46
23/06/2020 11:55;27.37;34.27;1019.38
23/06/2020 12:05;27.36;34.18;1019.27
23/06/2020 12:10;27.34;34.66;1019.28
23/06/2020 12:15;27.39;34.37;1019.21
23/06/2020 12:20;27.44;34.42;1019.17
23/06/2020 12:25;27.47;34.54;1019.05
23/06/2020 12:30;27.57;34.21;1018.95
23/06/2020 12:35;27.54;34.26;1018.87
23/06/2020 12:40;27.57;34.55;1018.83
23/06/2020 12:45;27.64;33.67;1018.69
23/06/2020 12:50;27.69;32.99;1018.60
23/06/2020 12:55;27.66;33.25;1018.53
23/06/2020 13:00;27.72;33.09;1018.47
23/06/2020 13:05;27.70;33.12;1018.41
23/06/2020 13:10;27.65;33.21;1018.28
23/06/2020 13:15;27.68;33.27;1018.18
23/06/2020 13:20;27.75;33.13;1018.10
23/06/2020 13:25;27.70;33.32;1018.00
23/06/2020 13:30;27.70;33.69;1017.86
23/06/2020 13:35;27.78;33.90;1017.76
23/06/2020 13:40;27.83;33.51;1017.77
23/06/2020 13:45;27.90;33.76;1017.59
23/06/2020 13:50;27.92;33.73;1017.53
23/06/2020 13:55;27.95;34.33;1017.41
23/06/2020 14:00;28.02;34.21;1017.37
23/06/2020 14:05;28.01;34.04;1017.20
23/06/2020 14:10;28.06;33.81;1017.13
23/06/2020 14:15;28.10;33.81;1017.04
23/06/2020 14:20;28.14;33.78;1016.91
23/06/2020 14:25;28.19;33.90;1016.85
23/06/2020 14:30;28.20;33.76;1016.68
23/06/2020 14:35;28.23;34.07;1016.63
23/06/2020 14:40;28.31;33.94;1016.54
23/06/2020 14:45;28.35;33.91;1016.47
23/06/2020 14:50;28.40;33.90;1016.39
23/06/2020 14:55;28.43;33.85;1016.30
23/06/2020 15:00;28.46;33.93;1016.21
23/06/2020 15:05;28.52;33.76;1016.16
23/06/2020 15:10;28.52;33.77;1016.19
23/06/2020 15:15;28.57;33.53;1016.11
23/06/2020 15:20;28.65;32.43;1016.07
23/06/2020 15:25;28.59;32.39;1015.99
23/06/2020 15:30;28.65;32.47;1015.92
23/06/2020 15:35;28.48;32.79;1015.87
23/06/2020 15:40;28.55;32.73;1015.80
23/06/2020 15:45;28.70;32.24;1015.75
23/06/2020 15:50;28.72;32.24;1015.67
23/06/2020 15:55;28.80;31.97;1015.64
23/06/2020 16:00;28.72;31.87;1015.64
23/06/2020 16:05;28.71;32.13;1015.64
23/06/2020 16:10;28.69;31.77;1015.57
23/06/2020 16:25;28.72;30.79;1015.36
23/06/2020 16:30;28.72;30.75;1015.34
23/06/2020 16:35;28.87;30.58;1015.28
23/06/2020 16:40;28.76;30.25;1015.24
23/06/2020 16:45;28.85;29.69;1015.12
23/06/2020 16:50;28.82;29.77;1015.11
23/06/2020 16:55;28.89;30.10;1015.08
23/06/2020 17:00;28.81;29.84;1014.99
23/06/2020 17:05;28.76;30.38;1015.00
23/06/2020 17:10;28.74;29.85;1015.00
23/06/2020 17:15;28.81;29.99;1014.97
23/06/2020 17:20;28.84;30.32;1014.94
23/06/2020 17:25;28.78;31.23;1014.97
23/06/2020 17:30;28.75;31.32;1014.99
23/06/2020 17:35;28.82;31.35;1015.06
23/06/2020 17:40;28.84;31.42;1015.00
23/06/2020 17:45;28.84;32.17;1015.00
23/06/2020 17:50;28.84;32.30;1014.91
23/06/2020 17:55;28.88;33.24;1014.89
23/06/2020 18:00;28.92;33.27;1014.91
23/06/2020 18:05;29.14;33.39;1014.93
23/06/2020 18:10;28.99;33.88;1014.96
23/06/2020 18:15;28.89;34.65;1014.98
23/06/2020 18:20;29.04;34.29;1015.00
23/06/2020 18:25;29.11;34.04;1015.12
23/06/2020 18:30;29.12;33.79;1015.05
23/06/2020 18:35;29.24;32.37;1015.02
23/06/2020 18:40;29.22;30.98;1015.11
23/06/2020 18:45;29.10;30.12;1015.11
23/06/2020 18:50;29.04;29.80;1015.12
23/06/2020 18:55;28.84;29.95;1015.10
23/06/2020 19:00;28.95;29.14;1015.17
23/06/2020 19:05;28.95;29.19;1015.14
23/06/2020 19:10;28.97;28.55;1015.17
23/06/2020 19:15;29.06;28.26;1015.22
23/06/2020 19:20;28.88;27.99;1015.21
23/06/2020 19:25;28.95;27.77;1015.24
23/06/2020 19:30;29.05;27.60;1015.28
23/06/2020 19:35;29.42;26.26;1015.33
23/06/2020 19:40;29.41;26.05;1015.40
23/06/2020 19:45;29.53;26.20;1015.40
23/06/2020 19:50;29.59;26.06;1015.51
23/06/2020 19:55;29.54;26.37;1015.62
23/06/2020 20:00;29.67;25.26;1015.69
23/06/2020 20:05;29.42;25.90;1015.79
23/06/2020 20:10;28.79;27.52;1015.78
23/06/2020 20:15;28.55;28.74;1015.89
23/06/2020 20:20;28.45;29.63;1015.97
23/06/2020 20:25;28.36;30.05;1016.02
23/06/2020 20:30;28.40;30.18;1016.06
23/06/2020 20:35;28.42;30.47;1016.14
23/06/2020 20:40;28.52;30.46;1016.14
23/06/2020 20:45;28.54;30.57;1016.20
23/06/2020 20:50;28.52;30.31;1016.37
23/06/2020 20:55;28.40;30.58;1016.47
23/06/2020 21:00;28.29;31.06;1016.63
23/06/2020 21:05;28.29;30.78;1016.66
23/06/2020 21:10;28.24;31.21;1016.83
23/06/2020 21:15;28.17;31.33;1016.91
23/06/2020 21:20;28.16;31.42;1017.04
23/06/2020 21:25;28.28;31.00;1017.15
23/06/2020 21:30;28.22;31.59;1017.29
23/06/2020 21:35;28.22;31.89;1017.44
23/06/2020 21:40;28.21;32.07;1017.60
23/06/2020 21:45;28.17;32.28;1017.76
23/06/2020 21:50;28.16;32.74;1017.78
23/06/2020 21:55;28.14;32.92;1017.93
23/06/2020 22:00;28.12;32.96;1018.07
23/06/2020 22:05;28.09;32.83;1018.22
23/06/2020 22:10;28.15;32.60;1018.21
23/06/2020 22:15;28.11;32.59;1018.35
23/06/2020 22:20;28.11;32.78;1018.36
23/06/2020 22:25;28.05;32.90;1018.34
23/06/2020 22:30;28.12;33.42;1018.45
23/06/2020 22:35;28.56;32.56;1018.55
23/06/2020 22:40;28.68;31.99;1018.69
23/06/2020 22:45;28.82;31.75;1018.75
23/06/2020 22:50;28.80;31.72;1018.84
23/06/2020 22:55;28.81;31.56;1018.89
23/06/2020 23:00;28.80;31.39;1018.97
23/06/2020 23:05;28.76;31.48;1018.97
23/06/2020 23:10;28.59;31.83;1019.09
23/06/2020 23:15;28.22;32.39;1019.12
23/06/2020 23:20;28.13;32.63;1019.14
23/06/2020 23:25;28.03;32.52;1019.21
23/06/2020 23:30;28.02;32.51;1019.20
23/06/2020 23:35;28.05;32.43;1019.22
23/06/2020 23:40;28.01;32.55;1019.27
23/06/2020 23:45;28.01;32.46;1019.34
23/06/2020 23:50;27.99;32.62;1019.40
23/06/2020 23:55;28.01;32.71;1019.44
24/06/2020 0:00;27.94;32.65;1019.51
24/06/2020 0:05;27.85;32.49;1019.60
24/06/2020 0:10;27.82;32.37;1019.61
24/06/2020 0:15;27.91;32.45;1019.70
24/06/2020 0:20;27.83;32.43;1019.66
24/06/2020 0:25;27.93;32.08;1019.63
24/06/2020 0:30;27.89;32.27;1019.68
24/06/2020 0:35;27.89;32.33;1019.78
24/06/2020 0:40;27.92;32.39;1019.83
24/06/2020 0:45;28.28;31.52;1019.88
24/06/2020 0:50;28.43;30.79;1019.95
24/06/2020 0:55;28.52;30.73;1020.02
24/06/2020 1:00;28.47;30.55;1019.95
24/06/2020 1:05;28.52;30.24;1019.96
24/06/2020 1:10;28.42;30.42;1019.97
24/06/2020 1:15;28.44;30.09;1019.96
24/06/2020 1:20;28.45;29.97;1020.01
24/06/2020 1:25;28.45;29.93;1020.00
24/06/2020 1:30;28.47;30.03;1020.01
24/06/2020 1:35;28.46;30.02;1020.04
24/06/2020 1:40;28.42;30.00;1020.06
24/06/2020 1:45;28.02;32.35;1020.17
24/06/2020 1:50;27.80;32.61;1020.14
24/06/2020 1:55;27.74;32.71;1020.15
24/06/2020 2:00;27.72;32.77;1020.15
24/06/2020 2:05;27.68;32.78;1020.16
24/06/2020 2:10;28.01;31.41;1020.21
24/06/2020 2:15;28.14;30.79;1020.22
24/06/2020 2:20;28.23;30.47;1020.20
24/06/2020 2:25;28.25;30.61;1020.25
24/06/2020 2:30;28.19;30.56;1020.29
24/06/2020 2:35;28.15;30.59;1020.29
24/06/2020 2:40;28.08;31.83;1020.33
24/06/2020 2:45;27.67;32.79;1020.32
24/06/2020 2:50;27.65;33.00;1020.35
24/06/2020 2:55;27.57;33.00;1020.41
24/06/2020 3:00;27.59;33.14;1020.36
24/06/2020 3:05;27.58;33.26;1020.47
24/06/2020 3:10;27.82;32.21;1020.41
24/06/2020 3:15;28.00;31.42;1020.41
24/06/2020 3:20;28.02;31.17;1020.45
24/06/2020 3:25;28.06;31.18;1020.45
24/06/2020 3:30;28.06;31.77;1020.47
24/06/2020 3:35;28.07;31.22;1020.43
24/06/2020 3:40;27.89;32.67;1020.45
24/06/2020 3:45;27.52;33.50;1020.44
24/06/2020 3:50;27.41;33.69;1020.42
24/06/2020 3:55;27.46;33.60;1020.37
24/06/2020 4:00;27.38;33.70;1020.39
24/06/2020 4:05;27.39;33.64;1020.32
24/06/2020 4:10;27.67;32.14;1020.36
24/06/2020 4:15;27.84;31.48;1020.30
24/06/2020 4:20;27.75;31.38;1020.28
24/06/2020 4:25;27.83;31.36;1020.31
24/06/2020 4:30;27.85;31.30;1020.31
24/06/2020 4:35;27.86;31.40;1020.33
24/06/2020 4:40;27.71;32.72;1020.25
24/06/2020 4:45;27.41;33.48;1020.30
24/06/2020 4:50;27.25;33.84;1020.28
24/06/2020 4:55;27.15;34.00;1020.33
24/06/2020 5:00;27.16;34.02;1020.30
24/06/2020 5:05;27.14;34.01;1020.34
24/06/2020 5:10;27.13;34.01;1020.36
24/06/2020 5:15;27.50;32.50;1020.41
24/06/2020 5:20;27.64;32.16;1020.48
24/06/2020 5:25;27.56;31.66;1020.48
24/06/2020 5:30;27.69;31.42;1020.53
24/06/2020 5:35;27.64;31.37;1020.47
24/06/2020 5:40;27.63;31.31;1020.50
24/06/2020 5:45;27.58;31.54;1020.51
24/06/2020 5:50;27.57;31.44;1020.55
24/06/2020 5:55;27.50;31.55;1020.58
24/06/2020 6:00;27.56;31.55;1020.63
24/06/2020 6:05;27.54;31.50;1020.62
24/06/2020 6:10;27.46;31.69;1020.66
24/06/2020 6:15;27.53;31.81;1020.66
24/06/2020 6:20;27.53;31.83;1020.69
24/06/2020 6:25;27.50;31.81;1020.67
24/06/2020 6:30;27.56;31.65;1020.67
24/06/2020 6:35;27.50;31.76;1020.72
24/06/2020 6:40;27.45;33.01;1020.74
24/06/2020 6:45;27.21;33.58;1020.79
24/06/2020 6:50;27.07;33.93;1020.71
24/06/2020 6:55;27.01;34.15;1020.72
24/06/2020 7:00;27.00;34.17;1020.74
24/06/2020 7:05;26.91;34.27;1020.66
24/06/2020 7:10;27.31;33.19;1020.56
24/06/2020 7:15;27.43;32.48;1020.57
24/06/2020 7:20;27.52;32.55;1020.49
24/06/2020 7:25;27.52;32.71;1020.41
24/06/2020 7:30;27.58;32.44;1020.41
24/06/2020 7:35;27.69;32.79;1020.38
24/06/2020 7:40;27.66;32.65;1020.36
24/06/2020 7:45;27.66;32.34;1020.33
24/06/2020 7:50;27.73;32.58;1020.39
24/06/2020 7:55;27.56;32.60;1020.33
24/06/2020 8:00;27.52;32.49;1020.33
24/06/2020 8:05;27.49;32.67;1020.33
24/06/2020 8:10;27.45;32.91;1020.32
24/06/2020 8:15;27.48;32.79;1020.33
24/06/2020 8:20;27.45;32.82;1020.34
24/06/2020 8:25;27.45;32.96;1020.28
24/06/2020 8:30;27.44;33.31;1020.27
24/06/2020 8:35;27.51;33.14;1020.22
24/06/2020 8:40;27.24;33.99;1020.21
24/06/2020 8:45;27.02;34.54;1020.21
24/06/2020 8:50;26.86;34.88;1020.11
24/06/2020 8:55;26.86;34.93;1020.09
24/06/2020 9:00;26.83;35.07;1020.16
24/06/2020 9:05;26.84;35.08;1020.12
24/06/2020 9:10;26.85;35.07;1020.14
24/06/2020 9:15;26.84;35.12;1020.12
24/06/2020 9:20;26.86;35.08;1020.10
24/06/2020 9:25;26.82;35.22;1020.07
24/06/2020 9:30;26.89;35.06;1019.94
24/06/2020 9:35;26.94;35.03;1019.88
24/06/2020 9:40;26.88;35.18;1019.90
24/06/2020 9:45;27.02;35.09;1019.82
24/06/2020 9:50;26.92;35.24;1019.74
24/06/2020 9:55;27.04;35.23;1019.66
24/06/2020 10:00;26.98;35.40;1019.56
24/06/2020 10:05;27.00;35.43;1019.48
24/06/2020 10:10;27.39;34.58;1019.40
24/06/2020 10:15;27.60;34.37;1019.38
24/06/2020 10:20;27.78;33.87;1019.28
24/06/2020 10:25;27.86;33.79;1019.24
24/06/2020 10:30;27.86;33.84;1019.19
24/06/2020 10:35;27.92;33.77;1019.07
24/06/2020 10:40;27.89;34.84;1019.02
24/06/2020 10:45;27.99;34.84;1019.00
24/06/2020 10:50;27.87;36.96;1018.91
24/06/2020 10:55;27.72;36.44;1018.89
24/06/2020 11:00;27.92;34.98;1018.81
24/06/2020 11:05;28.07;35.58;1018.76
24/06/2020 11:10;28.14;35.94;1018.71
24/06/2020 11:15;28.24;36.64;1018.63
24/06/2020 11:20;28.25;37.04;1018.53
24/06/2020 11:25;28.14;37.12;1018.45
24/06/2020 11:30;28.17;37.35;1018.36
24/06/2020 11:35;28.24;37.03;1018.36
24/06/2020 11:40;28.22;37.03;1018.32
24/06/2020 11:45;28.24;37.24;1018.20
24/06/2020 11:50;28.25;37.24;1018.14
24/06/2020 11:55;28.20;37.25;1018.10
24/06/2020 12:00;28.24;37.09;1018.02
24/06/2020 12:05;28.25;37.15;1017.97
24/06/2020 12:10;28.26;37.49;1017.86
24/06/2020 12:15;28.36;37.07;1017.76
24/06/2020 12:20;28.32;37.41;1017.72
24/06/2020 12:25;28.35;37.27;1017.66
24/06/2020 12:30;28.34;37.27;1017.62
24/06/2020 12:35;28.38;37.17;1017.53
24/06/2020 12:40;28.34;37.54;1017.47
24/06/2020 12:45;28.29;37.43;1017.37
24/06/2020 12:50;28.34;37.26;1017.32
24/06/2020 12:55;28.44;36.66;1017.21
24/06/2020 13:00;28.60;36.92;1017.03
24/06/2020 13:05;28.57;36.94;1016.86
24/06/2020 13:10;28.56;37.15;1016.82
24/06/2020 13:15;28.54;36.79;1016.75
24/06/2020 13:20;28.61;36.35;1016.66
24/06/2020 13:25;28.67;36.12;1016.53
24/06/2020 13:30;28.76;35.78;1016.46
24/06/2020 13:35;28.75;35.72;1016.40
24/06/2020 13:40;28.75;35.82;1016.35
24/06/2020 13:45;28.71;36.10;1016.39
24/06/2020 13:50;28.82;35.75;1016.21
24/06/2020 13:55;28.79;35.87;1016.19
24/06/2020 14:00;28.80;35.89;1016.11
24/06/2020 14:05;28.79;36.09;1016.11
24/06/2020 14:10;28.75;36.44;1015.94
24/06/2020 14:15;28.79;36.44;1015.91
24/06/2020 14:20;28.84;36.45;1015.74
24/06/2020 14:25;28.99;36.54;1015.83
24/06/2020 14:30;28.96;36.31;1015.69
24/06/2020 14:35;29.04;36.17;1015.63
24/06/2020 14:40;29.03;36.29;1015.61
24/06/2020 14:45;29.06;36.27;1015.57
24/06/2020 14:50;29.10;36.20;1015.55
24/06/2020 14:55;29.16;36.03;1015.50
24/06/2020 15:00;29.25;35.85;1015.56
24/06/2020 15:05;29.23;35.98;1015.38
24/06/2020 15:10;29.22;36.07;1015.36
24/06/2020 15:15;29.29;36.02;1015.37
24/06/2020 15:20;29.18;36.31;1015.45
24/06/2020 15:25;29.27;36.19;1015.32
24/06/2020 15:30;29.19;36.49;1015.39
24/06/2020 15:35;29.22;36.47;1015.32
24/06/2020 15:40;29.24;36.67;1015.36
24/06/2020 15:45;29.26;36.70;1015.31
24/06/2020 15:50;29.31;36.58;1015.43
24/06/2020 15:55;29.64;35.76;1015.26
24/06/2020 16:00;29.60;35.82;1015.34
24/06/2020 16:05;29.55;35.86;1015.33
24/06/2020 16:10;29.56;35.91;1015.26
24/06/2020 16:15;29.61;35.92;1015.33
24/06/2020 16:20;29.54;35.98;1015.42
24/06/2020 16:25;29.51;36.22;1015.43
24/06/2020 16:30;29.44;36.59;1015.38
24/06/2020 16:35;29.44;36.74;1015.35
24/06/2020 16:40;29.41;36.85;1015.25
24/06/2020 16:45;29.55;36.50;1015.35
24/06/2020 16:50;29.65;36.48;1015.32
24/06/2020 16:55;29.56;36.73;1015.36
24/06/2020 17:00;29.66;36.60;1015.35
24/06/2020 17:05;29.59;36.81;1015.42
24/06/2020 17:10;29.53;37.42;1015.44
24/06/2020 17:15;29.72;37.98;1015.47
24/06/2020 17:20;29.72;37.58;1015.44
24/06/2020 17:25;29.76;37.45;1015.55
24/06/2020 17:30;29.84;37.17;1015.36
24/06/2020 17:35;29.80;37.18;1015.51
24/06/2020 17:40;29.78;37.30;1015.60
24/06/2020 17:45;29.67;37.33;1015.61
24/06/2020 17:50;29.69;37.38;1015.66
24/06/2020 17:55;29.63;37.33;1015.83
24/06/2020 18:00;29.73;37.32;1015.70
24/06/2020 18:05;29.78;37.34;1015.85
24/06/2020 18:10;29.64;37.36;1015.78
24/06/2020 18:15;29.67;37.38;1015.83
24/06/2020 18:20;29.73;37.30;1015.97
24/06/2020 18:25;29.75;37.40;1015.87
24/06/2020 18:30;29.86;37.15;1015.88
24/06/2020 18:35;30.01;36.81;1016.15
24/06/2020 18:40;29.90;36.80;1015.94
24/06/2020 18:45;29.90;36.95;1016.04
24/06/2020 18:50;29.93;36.73;1016.16
24/06/2020 18:55;29.85;36.91;1016.17
24/06/2020 19:00;29.63;37.19;1016.38
24/06/2020 19:05;29.72;37.10;1016.30
24/06/2020 19:10;29.73;37.01;1016.38
24/06/2020 19:15;29.79;37.04;1016.47
24/06/2020 19:20;29.74;37.13;1016.45
24/06/2020 19:25;29.76;37.15;1016.47
24/06/2020 19:30;29.70;37.29;1016.50
24/06/2020 19:35;29.69;37.33;1016.60
24/06/2020 19:40;29.60;37.71;1016.63
24/06/2020 19:45;29.50;38.15;1016.64
24/06/2020 19:50;29.67;37.99;1016.71
24/06/2020 19:55;29.51;38.33;1016.81
24/06/2020 20:00;29.75;38.20;1016.86
24/06/2020 20:05;29.66;38.05;1016.85
24/06/2020 20:10;29.43;38.08;1016.83
24/06/2020 20:15;29.66;37.71;1016.88
24/06/2020 20:20;29.15;38.44;1016.92
24/06/2020 20:30;28.42;39.74;1017.00
24/06/2020 20:35;28.69;39.32;1017.06
24/06/2020 20:40;28.91;39.16;1017.20
24/06/2020 20:45;29.03;39.14;1017.19
24/06/2020 20:50;28.93;40.99;1017.19
24/06/2020 20:55;28.94;41.29;1017.23
24/06/2020 21:00;29.18;40.94;1017.36
24/06/2020 21:05;29.48;40.12;1017.48
24/06/2020 21:10;29.38;40.86;1017.53
24/06/2020 21:15;29.24;40.98;1017.64
24/06/2020 21:20;29.19;41.47;1017.62
24/06/2020 21:25;29.23;41.86;1017.63
24/06/2020 21:30;28.83;42.71;1017.73
24/06/2020 21:35;28.81;43.35;1017.79
24/06/2020 21:40;28.74;44.00;1017.90
24/06/2020 21:45;28.75;44.59;1018.01
24/06/2020 21:50;28.75;45.39;1018.02
24/06/2020 21:55;28.91;44.87;1018.03
24/06/2020 22:00;28.81;44.49;1018.12
24/06/2020 22:05;28.86;44.49;1018.21
24/06/2020 22:10;28.86;44.43;1018.27
24/06/2020 22:15;28.56;45.64;1018.33
24/06/2020 22:20;28.47;46.13;1018.36
24/06/2020 22:25;28.72;46.12;1018.43
24/06/2020 22:30;28.68;46.25;1018.50
24/06/2020 22:35;28.47;46.37;1018.50
24/06/2020 22:40;28.57;46.02;1018.60
24/06/2020 22:45;28.64;45.70;1018.61
24/06/2020 22:50;28.60;45.70;1018.66
24/06/2020 22:55;28.59;45.80;1018.64
24/06/2020 23:00;28.62;45.75;1018.69
24/06/2020 23:05;28.71;45.34;1018.68
24/06/2020 23:10;28.68;45.21;1018.77
24/06/2020 23:15;28.65;45.22;1018.74
24/06/2020 23:20;28.63;45.00;1018.69
24/06/2020 23:25;28.62;45.13;1018.70
24/06/2020 23:30;28.74;44.89;1018.73
24/06/2020 23:35;28.65;45.01;1018.73
24/06/2020 23:40;28.56;44.95;1018.73
24/06/2020 23:45;28.56;45.06;1018.68
24/06/2020 23:50;28.66;44.98;1018.59
24/06/2020 23:55;28.57;45.19;1018.66
25/06/2020 0:00;28.60;45.31;1018.69
25/06/2020 0:05;28.66;45.27;1018.71
25/06/2020 0:10;28.48;45.40;1018.70
25/06/2020 0:15;28.52;45.31;1018.66
25/06/2020 0:20;28.54;45.25;1018.72
25/06/2020 0:25;28.50;45.44;1018.71
25/06/2020 0:30;28.62;45.20;1018.71
25/06/2020 0:35;28.63;45.32;1018.70
25/06/2020 0:40;29.00;44.26;1018.68
25/06/2020 0:45;29.03;43.97;1018.73
25/06/2020 0:50;29.04;43.41;1018.69
25/06/2020 0:55;29.13;43.25;1018.68
25/06/2020 1:00;29.17;43.34;1018.69
25/06/2020 1:05;29.09;43.38;1018.72
25/06/2020 1:10;29.08;43.49;1018.71
25/06/2020 1:15;29.11;43.15;1018.75
25/06/2020 1:20;29.06;43.18;1018.77
25/06/2020 1:25;29.04;43.44;1018.82
25/06/2020 1:30;29.03;43.24;1018.76
25/06/2020 1:35;28.96;43.33;1018.77
25/06/2020 1:40;28.81;44.43;1018.73
25/06/2020 1:45;28.64;45.06;1018.67
25/06/2020 1:50;28.60;45.01;1018.61
25/06/2020 1:55;28.53;45.03;1018.62
25/06/2020 2:00;28.42;45.12;1018.68
25/06/2020 2:05;28.47;45.08;1018.64
25/06/2020 2:10;28.89;43.90;1018.63
25/06/2020 2:15;28.95;43.19;1018.58
25/06/2020 2:20;28.96;43.73;1018.59
25/06/2020 2:25;29.07;42.93;1018.61
25/06/2020 2:30;29.05;43.57;1018.58
25/06/2020 2:35;28.98;43.24;1018.59
25/06/2020 2:40;28.68;44.48;1018.60
25/06/2020 2:45;28.45;45.03;1018.55
25/06/2020 2:50;28.45;45.01;1018.55
25/06/2020 2:55;28.50;44.93;1018.52
25/06/2020 3:00;28.44;44.93;1018.57
25/06/2020 3:05;28.36;44.93;1018.61
25/06/2020 3:10;28.42;44.88;1018.50
25/06/2020 3:15;28.83;43.42;1018.57
25/06/2020 3:20;28.91;42.92;1018.58
25/06/2020 3:25;28.93;42.18;1018.55
25/06/2020 3:30;28.96;41.88;1018.46
25/06/2020 3:35;28.96;41.69;1018.34
25/06/2020 3:40;29.03;41.44;1018.32
25/06/2020 3:45;28.54;43.92;1018.31
25/06/2020 3:50;28.43;44.11;1018.28
25/06/2020 3:55;28.36;44.35;1018.28
25/06/2020 4:00;28.37;44.44;1018.28
25/06/2020 4:05;28.37;44.39;1018.25
25/06/2020 4:10;28.71;43.42;1018.20
25/06/2020 4:15;28.87;42.27;1018.16
25/06/2020 4:20;28.91;42.05;1018.20
25/06/2020 4:25;29.02;42.56;1018.07
25/06/2020 4:30;29.01;42.61;1018.08
25/06/2020 4:35;29.02;42.59;1018.09
25/06/2020 4:40;28.99;42.39;1018.05
25/06/2020 4:45;28.51;44.04;1017.96
25/06/2020 4:50;28.48;44.17;1017.92
25/06/2020 4:55;28.40;44.39;1017.96
25/06/2020 5:00;28.35;44.49;1017.95
25/06/2020 5:05;28.32;44.56;1017.86
25/06/2020 5:10;28.75;43.18;1017.90
25/06/2020 5:15;28.86;42.52;1017.87
25/06/2020 5:20;28.90;42.08;1017.93
25/06/2020 5:25;28.90;41.80;1017.91
25/06/2020 5:30;28.87;41.89;1017.89
25/06/2020 5:35;28.88;41.92;1017.87
25/06/2020 5:40;28.89;42.00;1017.80
25/06/2020 5:45;28.80;41.85;1017.79
25/06/2020 5:50;28.83;41.81;1017.80
25/06/2020 5:55;28.77;41.91;1017.82
25/06/2020 6:00;28.75;41.93;1017.76
25/06/2020 6:05;28.79;42.13;1017.77
25/06/2020 6:10;28.72;42.09;1017.74
25/06/2020 6:15;28.77;42.07;1017.74
25/06/2020 6:20;28.80;42.08;1017.78
25/06/2020 6:25;28.82;42.09;1017.83
25/06/2020 6:30;28.74;41.73;1017.89
25/06/2020 6:35;28.74;41.93;1017.86
25/06/2020 6:40;28.57;43.02;1017.87
25/06/2020 6:45;28.30;43.76;1017.90
25/06/2020 6:50;28.25;43.93;1017.88
25/06/2020 6:55;28.19;44.14;1017.86
25/06/2020 7:00;28.20;44.17;1017.90
25/06/2020 7:05;28.30;43.96;1017.97
25/06/2020 7:10;28.62;42.71;1017.93
25/06/2020 7:15;28.70;42.44;1017.99
25/06/2020 7:20;28.74;41.89;1017.98
25/06/2020 7:25;28.75;41.83;1018.05
25/06/2020 7:30;28.76;42.00;1018.10
25/06/2020 7:35;28.75;41.99;1018.12
25/06/2020 7:40;28.74;41.65;1018.12
25/06/2020 7:45;28.73;41.68;1018.13
25/06/2020 7:50;28.73;41.41;1018.13
25/06/2020 7:55;28.72;41.27;1018.17
25/06/2020 8:00;28.70;41.44;1018.14
25/06/2020 8:05;28.75;41.26;1018.16
25/06/2020 8:10;28.72;41.27;1018.10
25/06/2020 8:15;28.72;41.43;1018.12
25/06/2020 8:20;28.70;40.91;1018.17
25/06/2020 8:25;28.67;41.06;1018.20
25/06/2020 8:30;28.67;40.99;1018.19
25/06/2020 8:35;28.64;40.95;1018.18
25/06/2020 8:40;28.41;41.96;1018.13
25/06/2020 8:45;28.24;42.35;1018.06
25/06/2020 8:50;28.15;42.67;1018.11
25/06/2020 8:55;28.02;43.04;1018.17
25/06/2020 9:00;27.94;43.01;1018.16
25/06/2020 9:05;28.02;42.85;1018.22
25/06/2020 9:10;27.92;43.25;1018.17
25/06/2020 9:15;28.12;42.87;1018.20
25/06/2020 9:20;28.12;42.79;1018.13
25/06/2020 9:25;28.18;42.65;1018.04
25/06/2020 9:30;28.38;42.23;1018.00
25/06/2020 9:35;28.53;41.85;1017.95
25/06/2020 9:40;28.59;41.70;1017.93
25/06/2020 9:45;28.65;41.21;1017.94
25/06/2020 9:55;28.74;41.63;1018.00
25/06/2020 10:00;28.65;42.58;1017.99
25/06/2020 10:05;28.68;41.97;1017.96
25/06/2020 10:10;28.50;42.08;1017.94
25/06/2020 10:15;28.45;42.63;1017.88
25/06/2020 10:20;28.32;41.16;1017.84
25/06/2020 10:25;28.39;40.44;1017.76
25/06/2020 10:30;28.64;40.56;1017.68
25/06/2020 10:35;28.58;40.12;1017.70
25/06/2020 10:40;28.70;39.60;1017.56
25/06/2020 10:45;28.78;39.60;1017.36
25/06/2020 10:50;28.67;40.27;1017.32
25/06/2020 10:55;28.55;40.08;1017.25
25/06/2020 11:00;28.67;38.03;1017.19
25/06/2020 11:05;28.89;37.57;1017.24
25/06/2020 11:10;28.82;37.54;1017.25
25/06/2020 11:15;29.05;37.76;1017.25
25/06/2020 11:20;29.09;37.03;1017.19
25/06/2020 11:25;29.18;37.27;1017.23
25/06/2020 11:30;29.17;37.67;1017.17
25/06/2020 11:35;29.14;38.05;1017.06
25/06/2020 11:40;29.08;37.40;1017.11
25/06/2020 11:45;29.12;36.53;1017.36
25/06/2020 11:50;29.11;36.30;1017.13
25/06/2020 11:55;29.12;37.05;1017.20
25/06/2020 12:00;29.14;36.74;1017.10
25/06/2020 12:05;29.23;37.20;1017.05
25/06/2020 12:10;29.23;37.07;1017.01
25/06/2020 12:15;29.28;37.08;1016.90
25/06/2020 12:20;29.17;36.42;1016.94
25/06/2020 12:25;29.18;36.68;1016.92
25/06/2020 12:30;29.17;36.09;1016.78
25/06/2020 12:35;29.23;35.89;1016.71
25/06/2020 12:40;29.12;35.79;1016.74
25/06/2020 13:16;28.03;37.58;1016.59
25/06/2020 13:21;28.46;37.87;1016.51
25/06/2020 13:26;28.69;37.81;1016.53
25/06/2020 13:31;28.77;37.85;1016.47
25/06/2020 13:36;28.87;38.17;1016.40
25/06/2020 13:41;28.90;38.20;1016.29
25/06/2020 13:46;28.99;38.32;1016.35
25/06/2020 13:51;28.89;38.14;1016.44
25/06/2020 13:56;28.87;38.49;1016.25
25/06/2020 14:01;29.01;38.48;1016.32
25/06/2020 14:06;29.06;38.38;1016.28
25/06/2020 14:11;29.15;38.05;1016.21
25/06/2020 14:16;29.11;38.34;1016.06
25/06/2020 14:21;29.14;38.13;1016.07
25/06/2020 14:26;29.12;37.76;1016.07
25/06/2020 14:31;29.05;37.79;1015.89
25/06/2020 14:36;28.99;36.31;1016.03
25/06/2020 14:41;29.15;36.05;1016.08
25/06/2020 14:51;29.08;36.94;1015.91
25/06/2020 14:56;28.93;37.36;1016.05
25/06/2020 15:01;28.79;37.38;1015.94
25/06/2020 15:06;29.06;36.94;1015.96
25/06/2020 15:11;29.07;37.25;1015.96
25/06/2020 15:16;28.93;37.68;1015.95
25/06/2020 15:21;28.78;37.40;1015.90
25/06/2020 15:26;28.63;37.69;1015.91
25/06/2020 15:31;28.58;37.79;1015.88
25/06/2020 15:36;28.71;37.82;1015.84
25/06/2020 15:41;28.68;38.07;1015.79
25/06/2020 15:46;28.65;37.89;1015.81
25/06/2020 15:51;28.68;38.10;1015.76
25/06/2020 15:56;28.75;38.50;1015.82
25/06/2020 16:01;28.80;38.83;1015.79
25/06/2020 16:06;28.85;39.86;1015.75
25/06/2020 16:11;29.01;38.67;1015.67
25/06/2020 16:16;28.88;38.84;1015.82
25/06/2020 16:21;28.88;38.47;1015.80
25/06/2020 16:26;28.87;38.75;1015.82
25/06/2020 16:31;28.83;38.79;1015.78
25/06/2020 16:36;28.80;38.77;1015.79
25/06/2020 16:41;28.88;38.60;1015.86
25/06/2020 16:46;28.83;38.36;1015.86
25/06/2020 16:51;28.86;38.71;1015.97
25/06/2020 16:56;28.87;38.76;1015.96
25/06/2020 17:01;28.73;38.54;1015.98
25/06/2020 17:06;28.68;38.22;1015.75
25/06/2020 17:11;28.50;38.02;1015.63
25/06/2020 17:16;28.65;38.37;1015.70
25/06/2020 17:21;28.63;39.15;1015.71
25/06/2020 17:26;28.64;39.47;1015.75
25/06/2020 17:31;28.71;39.44;1015.83
25/06/2020 17:36;28.62;39.58;1015.78
25/06/2020 17:41;28.68;39.66;1015.81
25/06/2020 17:46;28.73;39.52;1015.89
25/06/2020 17:51;28.60;39.76;1015.83
25/06/2020 17:56;28.57;39.40;1015.87
25/06/2020 18:01;28.55;39.27;1015.94
25/06/2020 18:06;28.33;39.42;1016.01
25/06/2020 18:11;28.55;39.31;1016.07
25/06/2020 18:16;28.59;39.49;1016.06
25/06/2020 18:21;28.62;39.41;1016.18
25/06/2020 18:26;28.46;39.24;1016.13
25/06/2020 18:31;28.45;39.13;1016.04
25/06/2020 18:36;28.47;39.18;1016.16
25/06/2020 18:41;28.38;39.65;1016.19
25/06/2020 18:46;28.52;39.50;1016.19
25/06/2020 18:51;28.44;39.86;1016.26
25/06/2020 18:56;28.24;39.95;1016.27
25/06/2020 19:01;28.19;40.31;1016.34
25/06/2020 19:06;28.18;40.42;1016.36
25/06/2020 19:11;28.22;40.17;1016.43
25/06/2020 19:16;28.07;40.18;1016.45
25/06/2020 19:21;28.09;40.09;1016.55
25/06/2020 19:26;27.97;40.19;1016.49
25/06/2020 19:31;28.03;39.93;1016.53
25/06/2020 19:36;27.86;39.94;1016.54
25/06/2020 19:41;27.89;40.13;1016.64
25/06/2020 19:46;28.38;39.73;1016.74
25/06/2020 19:51;28.31;39.51;1016.78
25/06/2020 19:56;28.40;40.04;1016.75
25/06/2020 20:01;28.50;40.41;1016.75
25/06/2020 20:06;28.80;40.07;1016.77
25/06/2020 20:11;28.78;39.67;1016.73
25/06/2020 20:16;28.77;39.80;1016.75
25/06/2020 20:21;28.91;40.22;1016.85
25/06/2020 20:26;28.89;39.63;1016.85
25/06/2020 20:31;28.83;39.93;1016.88
25/06/2020 20:36;28.91;39.54;1016.90
25/06/2020 20:41;28.89;39.48;1016.96
25/06/2020 20:46;28.88;39.70;1017.03
25/06/2020 20:51;28.86;39.62;1017.08
25/06/2020 20:56;28.89;39.44;1017.09
25/06/2020 21:01;28.79;39.54;1017.10
25/06/2020 21:06;28.88;39.45;1017.14
25/06/2020 21:11;28.92;39.40;1017.18
25/06/2020 21:16;28.78;39.67;1017.23
25/06/2020 21:21;28.71;39.64;1017.37
25/06/2020 21:26;28.81;39.49;1017.45
25/06/2020 21:31;28.81;39.18;1017.56
25/06/2020 21:36;28.78;38.97;1017.65
25/06/2020 21:41;29.18;38.56;1017.62
25/06/2020 21:46;29.05;38.62;1017.68
25/06/2020 21:51;29.12;38.20;1017.80
25/06/2020 21:56;29.10;38.03;1017.92
25/06/2020 22:01;28.79;38.34;1018.04
25/06/2020 22:06;28.92;37.86;1018.09
25/06/2020 22:11;28.83;37.81;1018.15
25/06/2020 22:16;28.73;37.86;1018.13
25/06/2020 22:21;28.50;38.32;1018.08
25/06/2020 22:26;28.31;38.63;1018.12
25/06/2020 22:31;28.07;38.89;1018.14
25/06/2020 22:36;28.04;38.72;1018.16
25/06/2020 22:41;28.00;38.75;1018.18
25/06/2020 22:46;27.94;38.54;1018.23
25/06/2020 22:51;27.94;38.59;1018.29
25/06/2020 22:56;27.94;38.43;1018.21
25/06/2020 23:01;27.92;38.50;1018.30
25/06/2020 23:06;27.89;38.53;1018.28
25/06/2020 23:11;27.87;38.39;1018.27
25/06/2020 23:16;27.78;38.36;1018.20
25/06/2020 23:21;27.83;38.21;1018.26
25/06/2020 23:26;27.84;38.28;1018.22
25/06/2020 23:31;27.84;38.21;1018.29
25/06/2020 23:36;27.83;38.40;1018.30
25/06/2020 23:41;27.79;38.36;1018.30
25/06/2020 23:46;27.79;38.50;1018.33
25/06/2020 23:51;27.85;38.49;1018.34
25/06/2020 23:56;27.82;38.60;1018.43
26/06/2020 0:01;27.80;38.59;1018.33
26/06/2020 0:06;27.80;38.33;1018.37
26/06/2020 0:11;27.71;38.55;1018.36
26/06/2020 0:16;27.76;38.38;1018.35
26/06/2020 0:21;27.76;38.33;1018.32
26/06/2020 0:26;27.76;38.20;1018.29
26/06/2020 0:31;27.73;38.25;1018.29
26/06/2020 0:36;27.77;38.19;1018.28
26/06/2020 0:41;27.71;38.02;1018.28
26/06/2020 0:46;27.62;38.12;1018.25
26/06/2020 0:51;27.67;38.09;1018.21
26/06/2020 0:56;27.70;37.91;1018.21
26/06/2020 1:01;27.74;37.95;1018.27
26/06/2020 1:06;27.72;37.96;1018.22
26/06/2020 1:11;27.82;37.68;1018.18
26/06/2020 1:16;27.92;36.93;1018.22
26/06/2020 1:21;27.97;36.83;1018.17
26/06/2020 1:26;28.11;36.45;1018.27
26/06/2020 1:31;28.11;36.69;1018.36
26/06/2020 1:36;28.05;36.66;1018.34
26/06/2020 1:41;28.08;36.57;1018.35
26/06/2020 1:46;28.11;36.52;1018.34
26/06/2020 1:51;28.07;36.58;1018.23
26/06/2020 1:56;28.09;36.56;1018.17
26/06/2020 2:01;28.05;36.51;1018.17
26/06/2020 2:06;28.05;36.66;1018.28
26/06/2020 2:11;27.89;37.19;1018.27
26/06/2020 2:16;27.61;37.88;1018.35
26/06/2020 2:21;27.52;38.22;1018.41
26/06/2020 2:26;27.51;38.24;1018.43
26/06/2020 2:31;27.43;38.22;1018.38
26/06/2020 2:36;27.50;38.34;1018.30
26/06/2020 2:41;27.82;37.29;1018.38
26/06/2020 2:46;27.91;36.84;1018.35
26/06/2020 2:51;27.99;36.78;1018.30
26/06/2020 2:56;27.95;36.78;1018.33
26/06/2020 3:01;28.05;36.94;1018.26
26/06/2020 3:06;28.00;36.46;1018.28
26/06/2020 3:11;27.91;37.03;1018.35
26/06/2020 3:16;27.55;38.08;1018.29
26/06/2020 3:21;27.47;38.44;1018.20
26/06/2020 3:26;27.49;38.31;1018.22
26/06/2020 3:31;27.40;38.34;1018.20
26/06/2020 3:36;27.37;38.46;1018.22
26/06/2020 3:41;27.69;37.21;1018.14
26/06/2020 3:46;27.75;36.82;1018.10
26/06/2020 3:51;27.86;36.60;1018.14
26/06/2020 3:56;27.87;36.65;1018.11
26/06/2020 4:01;27.91;36.52;1018.13
26/06/2020 4:06;27.90;36.51;1018.12
26/06/2020 4:11;27.69;37.68;1018.13
26/06/2020 4:16;27.46;38.37;1018.06
26/06/2020 4:21;27.36;38.46;1018.03
26/06/2020 4:26;27.37;38.33;1018.02
26/06/2020 4:31;27.33;38.34;1018.08
26/06/2020 4:36;27.39;38.16;1018.10
26/06/2020 4:41;27.53;37.44;1018.08
26/06/2020 4:46;27.64;36.98;1018.13
26/06/2020 4:51;27.61;36.87;1018.11
26/06/2020 4:56;27.61;36.94;1018.07
26/06/2020 5:01;27.75;36.63;1018.08
26/06/2020 5:06;27.67;36.85;1018.16
26/06/2020 5:11;27.41;38.06;1018.08
26/06/2020 5:16;27.18;38.51;1018.14
26/06/2020 5:21;27.15;38.62;1018.10
26/06/2020 5:26;27.18;38.47;1018.13
26/06/2020 5:31;27.18;38.55;1018.29
26/06/2020 5:36;27.11;38.48;1018.29
26/06/2020 5:41;27.32;38.14;1018.31
26/06/2020 5:46;27.44;37.41;1018.37
26/06/2020 5:51;27.61;36.84;1018.25
26/06/2020 5:56;27.62;37.20;1018.25
26/06/2020 6:01;27.63;36.74;1018.25
26/06/2020 6:06;27.59;36.83;1018.27
26/06/2020 6:11;27.53;36.85;1018.17
26/06/2020 6:16;27.55;36.81;1018.23
26/06/2020 6:21;27.60;36.96;1018.28
26/06/2020 6:26;27.56;37.13;1018.24
26/06/2020 6:31;27.54;37.14;1018.21
26/06/2020 6:36;27.58;36.95;1018.12
26/06/2020 6:41;27.53;37.04;1018.12
26/06/2020 6:46;27.49;37.06;1018.05
26/06/2020 6:51;27.43;37.09;1017.96
26/06/2020 6:56;27.41;37.30;1018.00
26/06/2020 7:01;27.49;37.17;1018.11
26/06/2020 7:06;27.48;37.20;1018.12
26/06/2020 7:11;27.27;38.04;1018.15
26/06/2020 7:16;27.09;38.53;1018.29
26/06/2020 7:21;26.96;38.78;1018.48
26/06/2020 7:26;26.83;39.13;1018.43
26/06/2020 7:31;26.84;39.08;1018.37
26/06/2020 7:36;26.77;39.21;1018.43
26/06/2020 7:41;27.13;38.38;1018.36
26/06/2020 7:46;27.37;37.70;1018.47
26/06/2020 7:51;27.42;38.08;1018.44
26/06/2020 7:56;27.42;37.76;1018.45
26/06/2020 8:01;27.42;37.90;1018.53
26/06/2020 8:06;27.49;37.54;1018.44
26/06/2020 8:11;27.45;37.42;1018.43
26/06/2020 8:16;27.43;37.49;1018.56
26/06/2020 8:21;27.45;37.42;1018.48
26/06/2020 8:26;27.38;37.50;1018.53
26/06/2020 8:31;27.42;37.50;1018.52
26/06/2020 8:36;27.39;37.96;1018.61
26/06/2020 8:41;27.39;39.18;1018.64
26/06/2020 8:46;27.37;38.93;1018.65
26/06/2020 8:51;27.54;38.75;1018.74
26/06/2020 8:56;27.62;38.45;1018.70
26/06/2020 9:01;27.77;38.10;1018.60
26/06/2020 9:06;27.78;38.26;1018.70
26/06/2020 9:11;27.45;42.02;1018.66
26/06/2020 9:16;27.26;42.73;1018.61
26/06/2020 9:21;27.29;42.79;1018.54
26/06/2020 9:32;27.57;42.58;1018.47
26/06/2020 9:37;27.82;42.07;1018.50
26/06/2020 9:42;28.00;41.70;1018.48
26/06/2020 9:47;28.01;41.88;1018.48
26/06/2020 9:52;28.04;41.81;1018.39
26/06/2020 9:57;28.03;41.84;1018.29
26/06/2020 10:02;28.11;41.67;1018.19
26/06/2020 10:07;28.23;41.43;1018.09
26/06/2020 10:12;28.13;41.63;1017.99
26/06/2020 10:17;28.13;41.66;1017.98
26/06/2020 10:22;28.15;41.84;1017.88
26/06/2020 10:27;28.34;41.61;1017.90
26/06/2020 10:32;28.40;41.61;1017.66
26/06/2020 10:37;28.28;41.96;1017.77
26/06/2020 10:42;28.26;41.93;1017.84
26/06/2020 10:47;28.24;42.14;1017.84
26/06/2020 10:52;28.33;42.01;1017.93
26/06/2020 10:57;28.31;42.02;1017.92
26/06/2020 11:02;28.22;42.22;1017.91
26/06/2020 11:07;28.35;42.01;1017.93
26/06/2020 11:12;28.32;42.24;1017.88
26/06/2020 11:17;28.32;42.34;1017.87
26/06/2020 11:22;28.39;42.03;1017.88
26/06/2020 11:27;28.38;41.97;1017.87
26/06/2020 11:32;28.39;42.04;1017.90
26/06/2020 11:37;28.38;42.19;1017.84
26/06/2020 11:42;28.39;42.12;1017.92
26/06/2020 11:47;28.38;42.03;1017.81
26/06/2020 11:52;28.40;42.07;1017.73
26/06/2020 11:57;28.42;41.82;1017.63
26/06/2020 12:02;28.42;41.81;1017.59
26/06/2020 12:07;28.44;41.69;1017.64
26/06/2020 12:12;28.42;41.79;1017.67
26/06/2020 12:17;28.43;41.78;1017.63
26/06/2020 12:22;28.44;41.70;1017.63
26/06/2020 12:27;28.44;41.61;1017.54
26/06/2020 12:32;28.44;41.55;1017.47
26/06/2020 12:37;28.44;41.61;1017.41
26/06/2020 12:42;28.47;41.57;1017.36
26/06/2020 12:47;28.46;41.76;1017.33
26/06/2020 12:52;28.46;41.54;1017.26
26/06/2020 12:57;28.45;41.84;1017.20
26/06/2020 13:02;28.53;41.86;1017.12
26/06/2020 13:07;28.48;41.79;1017.08
26/06/2020 13:12;28.47;41.67;1017.07
26/06/2020 13:17;28.47;41.59;1017.07
26/06/2020 13:22;28.45;41.81;1017.02
26/06/2020 13:27;28.43;41.81;1016.96
26/06/2020 13:32;28.46;41.56;1016.96
26/06/2020 13:37;28.44;41.87;1016.99
26/06/2020 13:42;28.44;41.71;1016.98
26/06/2020 13:47;28.45;41.85;1016.84
26/06/2020 13:52;28.49;42.19;1016.73
26/06/2020 13:57;28.58;42.34;1016.68
26/06/2020 14:02;28.82;42.23;1016.61
26/06/2020 14:07;28.86;42.06;1016.53
26/06/2020 14:12;28.84;42.06;1016.48
26/06/2020 14:17;28.77;42.23;1016.48
26/06/2020 14:22;28.95;41.94;1016.34
26/06/2020 14:27;28.89;42.01;1016.30
26/06/2020 14:32;29.13;41.49;1016.25
26/06/2020 14:37;28.83;42.04;1016.25
26/06/2020 14:42;28.96;41.78;1016.19
26/06/2020 14:47;28.95;41.75;1016.14
26/06/2020 14:52;28.86;41.95;1016.11
26/06/2020 14:57;28.89;41.58;1016.14
26/06/2020 15:02;28.80;42.03;1016.21
26/06/2020 15:07;28.95;41.64;1016.43
26/06/2020 15:12;28.74;42.54;1016.50
26/06/2020 15:17;28.89;42.34;1016.55
26/06/2020 15:22;28.98;42.30;1016.62
26/06/2020 15:27;28.95;42.34;1016.57
26/06/2020 15:32;28.92;42.66;1016.71
26/06/2020 15:37;28.93;42.67;1016.82
26/06/2020 15:42;29.05;42.50;1017.03
26/06/2020 15:47;29.02;42.82;1017.10
26/06/2020 15:52;29.15;43.10;1017.32
26/06/2020 15:57;28.70;44.41;1017.28
26/06/2020 16:02;28.57;45.05;1017.09
26/06/2020 16:07;28.54;45.17;1017.15
26/06/2020 16:12;28.57;45.47;1017.03
26/06/2020 16:17;28.62;45.73;1016.99
26/06/2020 16:22;28.41;49.12;1016.82
26/06/2020 16:27;28.28;49.27;1016.67
26/06/2020 16:32;28.38;49.15;1016.52
26/06/2020 16:37;28.55;48.35;1016.43
26/06/2020 16:42;28.54;48.20;1016.40
26/06/2020 16:47;28.63;47.91;1016.32
26/06/2020 16:52;28.68;47.88;1016.32
26/06/2020 16:57;28.74;47.85;1016.25
26/06/2020 17:02;28.54;49.36;1016.24
26/06/2020 17:07;28.45;49.77;1016.23
26/06/2020 17:12;28.47;50.20;1016.27
26/06/2020 17:17;28.28;50.25;1016.27
26/06/2020 17:22;28.34;50.15;1016.28
26/06/2020 17:27;28.31;49.62;1016.33
26/06/2020 17:32;28.20;49.86;1016.35
26/06/2020 17:37;28.14;49.84;1016.41
26/06/2020 17:42;28.33;49.97;1016.35
26/06/2020 17:47;28.20;50.02;1016.43
26/06/2020 17:52;27.92;51.46;1016.48
26/06/2020 17:57;27.88;53.02;1016.49
26/06/2020 18:02;27.89;54.44;1016.50
26/06/2020 18:07;28.12;53.74;1016.41
26/06/2020 18:12;28.52;52.27;1016.36
26/06/2020 18:17;28.64;51.86;1016.52
26/06/2020 18:22;28.33;51.70;1016.63
26/06/2020 18:27;28.33;51.70;1016.65
26/06/2020 18:32;28.30;51.25;1016.77
26/06/2020 18:37;28.46;50.95;1016.76
26/06/2020 18:42;28.30;50.78;1016.70
26/06/2020 18:47;28.20;49.86;1016.47
26/06/2020 18:52;28.19;49.65;1016.42
26/06/2020 18:57;28.36;49.34;1016.34
26/06/2020 19:02;28.53;48.92;1016.19
26/06/2020 19:07;28.43;49.44;1016.18
26/06/2020 19:12;28.34;50.03;1016.03
26/06/2020 19:17;28.31;50.20;1016.12
26/06/2020 19:22;28.48;49.75;1016.13
26/06/2020 19:27;28.31;50.58;1016.12
26/06/2020 19:32;28.35;50.49;1016.06
26/06/2020 19:37;28.41;50.45;1016.10
26/06/2020 19:42;28.29;50.74;1016.07
26/06/2020 19:47;28.22;51.12;1016.11
26/06/2020 19:52;28.31;51.24;1016.07
26/06/2020 19:57;28.16;51.58;1016.18
26/06/2020 20:02;28.28;51.29;1016.27
26/06/2020 20:07;28.20;52.89;1016.33
26/06/2020 20:12;28.19;53.44;1016.25
26/06/2020 20:17;28.33;52.86;1016.30
26/06/2020 20:22;28.42;52.18;1016.30
26/06/2020 20:27;28.58;51.67;1016.39
26/06/2020 20:32;28.59;51.80;1016.34
26/06/2020 20:37;28.61;52.11;1016.34
26/06/2020 20:42;28.98;51.72;1016.41
26/06/2020 20:47;28.98;51.34;1016.41
26/06/2020 20:52;28.93;51.27;1016.47
26/06/2020 20:57;28.63;51.48;1016.41
26/06/2020 21:02;28.64;51.12;1016.52
26/06/2020 21:07;28.53;50.78;1016.66
26/06/2020 21:12;28.42;50.87;1016.73
26/06/2020 21:17;28.43;50.92;1016.74
26/06/2020 21:22;28.41;50.91;1016.78
26/06/2020 21:27;28.34;50.64;1016.90
26/06/2020 21:32;28.30;50.51;1016.91
26/06/2020 21:37;28.26;50.88;1016.98
26/06/2020 21:42;28.35;50.68;1017.13
26/06/2020 21:47;28.44;50.62;1017.14
26/06/2020 21:52;28.40;50.84;1017.15
26/06/2020 21:57;28.44;50.81;1017.18
26/06/2020 22:02;28.52;50.73;1017.21
26/06/2020 22:07;28.46;51.06;1017.41
26/06/2020 22:12;28.24;51.84;1017.33
26/06/2020 22:17;28.15;51.96;1017.40
26/06/2020 22:22;28.13;51.96;1017.39
26/06/2020 22:27;28.09;52.12;1017.42
26/06/2020 22:32;28.09;52.19;1017.27
26/06/2020 22:37;28.09;52.19;1017.30
26/06/2020 22:42;28.20;51.84;1017.35
26/06/2020 22:47;28.32;51.24;1017.36
26/06/2020 22:52;28.24;51.44;1017.24
26/06/2020 22:57;28.06;52.03;1017.20
26/06/2020 23:02;28.08;52.03;1017.28
26/06/2020 23:07;28.06;52.04;1017.24
26/06/2020 23:12;28.01;52.09;1017.13
26/06/2020 23:17;28.02;52.14;1017.26
26/06/2020 23:22;28.07;52.09;1017.32
26/06/2020 23:27;28.08;52.08;1017.27
26/06/2020 23:32;28.05;52.18;1017.35
26/06/2020 23:37;28.07;52.18;1017.37
26/06/2020 23:42;27.98;52.43;1017.37
26/06/2020 23:47;28.02;52.30;1017.36
26/06/2020 23:52;28.00;52.22;1017.38
26/06/2020 23:57;28.02;52.13;1017.36
27/06/2020 0:02;28.01;52.25;1017.41
27/06/2020 0:07;28.03;52.16;1017.49
27/06/2020 0:12;27.96;52.31;1017.43
27/06/2020 0:17;28.03;52.06;1017.38
27/06/2020 0:22;27.91;52.39;1017.34
27/06/2020 0:27;27.98;52.34;1017.37
27/06/2020 0:32;27.99;52.39;1017.38
27/06/2020 0:37;28.05;52.06;1017.34
27/06/2020 0:42;27.92;52.33;1017.19
27/06/2020 0:47;27.87;52.44;1017.20
27/06/2020 0:52;27.89;52.44;1017.20
27/06/2020 0:57;27.93;52.38;1017.07
27/06/2020 1:02;27.99;52.23;1017.08
27/06/2020 1:07;27.95;52.25;1017.05
27/06/2020 1:12;27.96;52.24;1017.14
27/06/2020 1:17;28.01;52.05;1017.35
27/06/2020 1:22;28.19;51.60;1017.34
27/06/2020 1:27;28.39;50.67;1017.39
27/06/2020 1:32;28.40;50.52;1017.47
27/06/2020 1:37;28.50;50.44;1017.36
27/06/2020 1:42;28.44;50.46;1017.39
27/06/2020 1:47;28.52;50.42;1017.42
27/06/2020 1:52;28.50;50.40;1017.37
27/06/2020 1:57;28.48;50.42;1017.32
27/06/2020 2:02;28.43;50.42;1017.32
27/06/2020 2:07;28.51;50.08;1017.37
27/06/2020 2:12;28.49;50.33;1017.33
27/06/2020 2:17;28.48;50.39;1017.32
27/06/2020 2:22;28.44;50.25;1017.34
27/06/2020 2:27;28.05;51.85;1017.35
27/06/2020 2:32;27.83;52.34;1017.22
27/06/2020 2:37;27.88;52.28;1017.26
27/06/2020 2:42;27.81;52.40;1017.31
27/06/2020 2:47;27.79;52.39;1017.43
27/06/2020 2:52;28.03;51.54;1017.45
27/06/2020 2:57;28.29;50.53;1017.47
27/06/2020 3:02;28.36;50.36;1017.56
27/06/2020 3:07;28.40;50.17;1017.62
27/06/2020 3:12;28.41;49.90;1017.69
27/06/2020 3:17;28.37;49.81;1017.75
27/06/2020 3:22;28.29;50.01;1017.72
27/06/2020 3:27;27.78;51.92;1017.68
27/06/2020 3:32;27.72;52.06;1017.67
27/06/2020 3:37;27.69;52.08;1017.67
27/06/2020 3:42;27.62;52.28;1017.79
27/06/2020 3:47;27.64;52.24;1017.93
27/06/2020 3:52;27.57;52.36;1017.91
27/06/2020 3:57;27.99;51.12;1017.95
27/06/2020 4:02;28.17;50.45;1018.05
27/06/2020 4:07;28.26;49.97;1018.11
27/06/2020 4:12;28.24;50.00;1018.12
27/06/2020 4:17;28.24;50.68;1018.14
27/06/2020 4:22;28.23;50.39;1018.14
27/06/2020 4:27;27.86;51.44;1018.17
27/06/2020 4:32;27.71;51.77;1018.24
27/06/2020 4:37;27.61;52.01;1018.22
27/06/2020 4:42;27.54;52.16;1018.29
27/06/2020 4:47;27.51;52.16;1018.17
27/06/2020 4:52;27.82;51.25;1018.22
27/06/2020 4:57;28.03;50.14;1018.21
27/06/2020 5:02;28.11;49.58;1018.15
27/06/2020 5:07;28.18;49.20;1018.20
27/06/2020 5:12;28.18;49.34;1018.21
27/06/2020 5:17;28.22;48.89;1018.29
27/06/2020 5:22;28.17;48.85;1018.29
27/06/2020 5:27;27.74;50.81;1018.30
27/06/2020 5:32;27.60;51.13;1018.36
27/06/2020 5:37;27.57;51.11;1018.44
27/06/2020 5:42;27.53;51.08;1018.33
27/06/2020 5:47;27.53;51.01;1018.33
27/06/2020 5:52;27.68;50.43;1018.31
27/06/2020 5:57;27.91;49.20;1018.33
27/06/2020 6:02;28.03;48.83;1018.33
27/06/2020 6:07;28.12;48.45;1018.28
27/06/2020 6:12;28.07;48.75;1018.29
27/06/2020 6:17;28.04;48.86;1018.32
27/06/2020 6:22;28.11;48.74;1018.28
27/06/2020 6:27;28.09;48.78;1018.33
27/06/2020 6:32;28.11;48.70;1018.31
27/06/2020 6:37;28.10;48.90;1018.30
27/06/2020 6:42;28.01;48.88;1018.29
27/06/2020 6:47;28.03;48.88;1018.35
27/06/2020 6:52;28.02;48.97;1018.32
27/06/2020 6:57;28.02;48.93;1018.35
27/06/2020 7:02;27.95;49.11;1018.38
27/06/2020 7:07;28.01;49.24;1018.41
27/06/2020 7:12;28.02;48.99;1018.38
27/06/2020 7:17;28.03;49.06;1018.47
27/06/2020 7:22;28.03;49.16;1018.50
27/06/2020 7:27;27.69;50.31;1018.52
27/06/2020 7:32;27.57;50.58;1018.57
27/06/2020 7:37;27.45;50.81;1018.58
27/06/2020 7:42;27.41;50.80;1018.60
27/06/2020 7:47;27.39;50.80;1018.65
27/06/2020 7:52;27.78;49.75;1018.57
27/06/2020 7:57;27.84;49.38;1018.54
27/06/2020 8:02;27.98;48.68;1018.56
27/06/2020 8:07;28.10;48.53;1018.51
27/06/2020 8:12;28.06;48.77;1018.58
27/06/2020 8:17;28.11;48.71;1018.56
27/06/2020 8:22;28.09;48.29;1018.53
27/06/2020 8:27;27.80;48.69;1018.52
27/06/2020 8:32;27.54;49.27;1018.45
27/06/2020 8:37;27.63;49.53;1018.39
27/06/2020 8:42;27.41;49.82;1018.32
27/06/2020 8:47;27.25;50.45;1018.30
27/06/2020 8:52;27.51;49.49;1018.23
27/06/2020 8:57;27.39;49.49;1018.25
27/06/2020 9:02;27.56;49.86;1018.15
27/06/2020 9:07;27.48;50.02;1018.15
27/06/2020 9:12;26.83;51.23;1018.15
27/06/2020 9:17;26.65;51.29;1018.00
27/06/2020 9:22;27.67;48.89;1017.94
27/06/2020 9:27;27.81;48.59;1017.89
27/06/2020 9:32;27.96;48.26;1017.83
27/06/2020 9:37;27.93;48.14;1017.80
27/06/2020 9:42;27.90;48.26;1017.77
27/06/2020 9:47;28.16;47.81;1017.70
27/06/2020 9:52;28.00;48.41;1017.67
27/06/2020 9:57;27.77;48.78;1017.64
27/06/2020 10:02;27.92;48.80;1017.59
27/06/2020 10:07;28.06;48.52;1017.55
27/06/2020 10:12;28.21;47.90;1017.60
27/06/2020 10:17;28.14;48.29;1017.58
27/06/2020 10:22;28.09;48.09;1017.45
27/06/2020 10:27;28.02;47.20;1017.43
27/06/2020 10:32;28.16;47.29;1017.46
27/06/2020 10:37;28.17;46.74;1017.46
27/06/2020 10:42;28.36;46.45;1017.40
27/06/2020 10:47;28.39;46.25;1017.41
27/06/2020 10:52;28.39;46.73;1017.34
27/06/2020 10:57;27.98;47.13;1017.26
27/06/2020 11:02;28.08;47.11;1017.15
27/06/2020 11:07;27.88;47.48;1017.10
27/06/2020 11:12;27.85;47.68;1017.08
27/06/2020 11:17;27.86;47.52;1017.01
27/06/2020 11:22;27.89;47.41;1016.95
27/06/2020 11:27;28.32;45.64;1016.91
27/06/2020 11:32;28.00;46.38;1016.81
27/06/2020 11:37;28.41;43.98;1016.81
27/06/2020 11:42;28.77;42.20;1016.75
27/06/2020 11:47;29.22;40.68;1016.71
27/06/2020 11:52;28.78;42.45;1016.74
27/06/2020 11:57;28.39;44.62;1016.67
27/06/2020 12:02;28.53;44.38;1016.62
27/06/2020 12:07;28.40;45.15;1016.51
27/06/2020 12:12;28.37;46.10;1016.45
27/06/2020 12:17;28.31;46.58;1016.31
27/06/2020 12:22;28.47;46.24;1016.39
27/06/2020 12:27;28.47;46.52;1016.33
27/06/2020 12:32;28.67;46.14;1016.28
27/06/2020 12:37;28.41;46.09;1016.21
27/06/2020 12:42;28.46;45.96;1016.18
27/06/2020 12:47;28.45;46.19;1016.15
27/06/2020 12:52;28.26;47.48;1016.04
27/06/2020 12:57;28.41;47.54;1016.05
27/06/2020 13:02;28.38;46.43;1015.96
27/06/2020 13:07;28.38;45.50;1015.81
27/06/2020 13:12;28.41;45.42;1015.77
27/06/2020 13:17;28.40;45.43;1015.70
27/06/2020 13:22;28.37;45.85;1015.66
27/06/2020 13:27;28.42;45.45;1015.63
27/06/2020 13:32;28.52;44.31;1015.55
27/06/2020 13:37;28.45;45.89;1015.53
27/06/2020 13:42;28.70;46.08;1015.53
27/06/2020 13:47;28.77;46.31;1015.46
27/06/2020 13:52;28.79;46.26;1015.37
27/06/2020 13:57;28.70;47.09;1015.35
27/06/2020 14:02;29.00;46.21;1015.18
27/06/2020 14:07;28.81;46.88;1015.05
27/06/2020 14:12;28.96;46.47;1015.02
27/06/2020 14:17;28.89;46.81;1014.91
27/06/2020 14:22;28.94;46.71;1014.84
27/06/2020 14:27;28.84;47.26;1014.80
27/06/2020 14:32;28.91;47.27;1014.76
27/06/2020 14:37;28.94;47.47;1014.76
27/06/2020 14:42;29.28;46.46;1014.64
27/06/2020 14:47;29.03;47.65;1014.60
27/06/2020 14:52;29.06;47.12;1014.58
27/06/2020 14:57;29.21;46.75;1014.54
27/06/2020 15:02;29.35;46.42;1014.47
27/06/2020 15:07;29.19;46.93;1014.35
27/06/2020 15:12;29.14;46.92;1014.36
27/06/2020 15:17;29.19;46.76;1014.24
27/06/2020 15:22;29.32;46.70;1014.24
27/06/2020 15:27;29.25;46.73;1014.12
27/06/2020 15:32;29.37;46.13;1014.01
27/06/2020 15:37;29.36;46.49;1013.94
27/06/2020 15:42;29.31;46.32;1013.89
27/06/2020 15:47;28.86;47.71;1013.92
27/06/2020 15:52;29.10;46.58;1013.96
27/06/2020 15:57;28.97;47.35;1013.86
27/06/2020 16:02;29.06;46.90;1013.74
27/06/2020 16:07;29.12;46.69;1013.63
27/06/2020 16:12;29.05;46.81;1013.62
27/06/2020 16:17;28.79;47.03;1013.51
27/06/2020 16:22;28.59;47.64;1013.47
27/06/2020 16:27;28.51;47.84;1013.47
27/06/2020 16:32;28.53;47.85;1013.50
27/06/2020 16:37;28.63;47.52;1013.53
27/06/2020 16:42;28.55;47.89;1013.47
27/06/2020 16:47;28.67;47.88;1013.48
27/06/2020 16:52;28.98;46.97;1013.47
27/06/2020 16:57;29.04;46.02;1013.44
27/06/2020 17:02;29.01;46.03;1013.36
27/06/2020 17:07;29.08;46.27;1013.35
27/06/2020 17:12;28.78;47.80;1013.27
27/06/2020 17:17;29.46;44.58;1013.21
27/06/2020 17:22;29.89;42.54;1013.15
27/06/2020 17:27;30.13;41.21;1013.15
27/06/2020 17:32;30.26;40.20;1013.14
27/06/2020 17:37;30.39;39.37;1013.12
27/06/2020 17:42;29.96;41.04;1013.00
27/06/2020 17:47;30.30;40.06;1013.04
27/06/2020 17:52;30.48;38.91;1013.02
27/06/2020 17:57;30.52;38.32;1013.05
27/06/2020 18:02;30.64;37.62;1012.98
27/06/2020 18:07;30.68;37.12;1012.97
27/06/2020 18:12;30.70;36.74;1012.88
27/06/2020 18:17;30.31;38.82;1012.92
27/06/2020 18:22;30.66;37.64;1012.90
27/06/2020 18:27;30.79;36.74;1012.83
27/06/2020 18:32;30.19;38.81;1012.95
27/06/2020 18:37;29.64;41.19;1012.99
27/06/2020 18:42;29.60;41.87;1013.00
27/06/2020 18:47;29.49;42.97;1013.11
27/06/2020 18:52;29.61;44.13;1013.22
27/06/2020 18:57;29.77;42.38;1013.24
27/06/2020 19:02;29.75;42.65;1013.43
27/06/2020 19:07;29.79;41.81;1013.50
27/06/2020 19:12;29.95;41.43;1013.45
27/06/2020 19:17;29.67;42.36;1013.44
27/06/2020 19:22;29.76;41.36;1013.50
27/06/2020 19:27;29.79;41.77;1013.62
27/06/2020 19:32;29.67;41.74;1013.62
27/06/2020 19:37;29.53;42.40;1013.68
27/06/2020 19:42;29.62;41.71;1013.73
27/06/2020 19:47;29.67;41.09;1013.85
27/06/2020 19:52;29.78;40.55;1013.90
27/06/2020 19:57;29.67;39.75;1014.00
27/06/2020 20:02;29.66;40.27;1014.07
27/06/2020 20:07;29.63;40.85;1014.13
27/06/2020 20:12;29.65;40.16;1014.13
27/06/2020 20:17;29.57;40.92;1014.21
27/06/2020 20:22;29.46;41.18;1014.24
27/06/2020 20:27;29.60;39.86;1014.34
27/06/2020 20:32;29.63;39.85;1014.40
27/06/2020 20:37;29.42;40.65;1014.43
27/06/2020 20:42;29.45;40.86;1014.51
27/06/2020 20:47;29.52;40.67;1014.57
27/06/2020 20:52;29.46;41.38;1014.68
27/06/2020 20:57;29.52;41.41;1014.67
27/06/2020 21:02;29.52;40.88;1014.77
27/06/2020 21:07;29.49;40.20;1014.74
27/06/2020 21:12;29.52;40.22;1014.87
27/06/2020 21:17;29.40;40.68;1014.85
27/06/2020 21:22;29.49;40.78;1015.07
27/06/2020 21:27;29.55;40.81;1015.24
27/06/2020 21:32;29.45;40.90;1015.37
27/06/2020 21:37;29.46;41.06;1015.45
27/06/2020 21:42;29.56;41.06;1015.53
27/06/2020 21:47;29.44;41.40;1015.55
27/06/2020 21:52;29.73;41.09;1015.63
27/06/2020 21:57;29.62;41.53;1015.68
27/06/2020 22:02;29.49;41.89;1015.67
27/06/2020 22:07;29.55;41.87;1015.76
27/06/2020 22:12;29.58;42.30;1015.76
27/06/2020 22:17;29.51;42.14;1015.83
27/06/2020 22:22;29.59;42.04;1015.89
27/06/2020 22:27;29.63;42.26;1015.94
27/06/2020 22:32;29.45;42.75;1016.00
27/06/2020 22:37;29.61;42.86;1015.96
27/06/2020 22:42;29.59;42.95;1016.09
27/06/2020 22:47;29.65;42.64;1016.14
27/06/2020 22:52;29.55;42.97;1016.28
27/06/2020 22:57;29.75;42.58;1016.42
27/06/2020 23:02;29.62;42.86;1016.45
27/06/2020 23:07;29.63;42.84;1016.49
27/06/2020 23:12;29.63;42.93;1016.57
27/06/2020 23:17;29.61;43.02;1016.53
27/06/2020 23:22;29.49;43.12;1016.57
27/06/2020 23:27;29.47;43.39;1016.67
27/06/2020 23:32;29.61;42.95;1016.74
27/06/2020 23:37;29.92;42.05;1016.93
27/06/2020 23:42;29.49;43.16;1016.95
27/06/2020 23:47;29.37;43.40;1017.00
27/06/2020 23:52;29.44;43.17;1017.13
27/06/2020 23:57;29.34;42.83;1017.22
28/06/2020 0:02;29.62;42.44;1017.32
28/06/2020 0:07;29.42;43.07;1017.38
28/06/2020 0:12;29.55;43.00;1017.38
28/06/2020 0:17;29.55;42.98;1017.46
28/06/2020 0:22;29.47;43.12;1017.55
28/06/2020 0:27;29.68;41.77;1017.56
28/06/2020 0:32;29.57;41.98;1017.60
28/06/2020 0:37;29.67;41.26;1017.68
28/06/2020 0:42;29.40;41.26;1017.71
28/06/2020 0:47;29.49;40.38;1017.64
28/06/2020 0:52;29.49;39.39;1017.70
28/06/2020 0:57;29.33;39.47;1017.71
28/06/2020 1:02;29.34;39.50;1017.80
28/06/2020 1:07;29.32;38.90;1017.84
28/06/2020 1:12;29.16;39.05;1017.91
28/06/2020 1:17;29.29;39.22;1017.91
28/06/2020 1:22;29.39;39.50;1017.90
28/06/2020 1:27;29.36;39.87;1017.89
28/06/2020 1:32;29.35;40.29;1017.86
28/06/2020 1:37;29.01;41.32;1017.89
28/06/2020 1:42;28.86;41.72;1017.88
28/06/2020 1:47;28.94;41.74;1017.86
28/06/2020 1:52;28.91;41.92;1017.88
28/06/2020 1:57;28.97;42.25;1017.83
28/06/2020 2:02;29.23;42.52;1017.84
28/06/2020 2:07;29.48;41.44;1017.86
28/06/2020 2:12;29.68;40.95;1017.92
28/06/2020 2:17;29.47;41.79;1017.91
28/06/2020 2:22;29.57;41.60;1017.84
28/06/2020 2:27;29.51;42.40;1017.90
28/06/2020 2:32;29.14;43.29;1017.84
28/06/2020 2:37;29.27;43.08;1017.87
28/06/2020 2:42;29.35;42.82;1017.92
28/06/2020 2:47;29.19;43.18;1017.93
28/06/2020 2:52;29.48;42.73;1017.88
28/06/2020 2:57;29.32;42.63;1017.94
28/06/2020 3:02;29.21;42.95;1017.97
28/06/2020 3:07;29.18;43.40;1018.00
28/06/2020 3:12;29.02;43.91;1018.08
28/06/2020 3:17;29.25;43.26;1018.02
28/06/2020 3:22;29.35;43.37;1018.04
28/06/2020 3:27;28.96;44.11;1018.00
28/06/2020 3:32;29.18;43.90;1017.95
28/06/2020 3:37;29.12;43.93;1017.96
28/06/2020 3:42;29.13;44.08;1017.96
28/06/2020 3:47;29.36;43.20;1017.92
28/06/2020 3:52;29.46;43.06;1017.95
28/06/2020 3:57;29.58;42.69;1017.82
28/06/2020 4:02;29.54;42.34;1017.90
28/06/2020 4:07;29.63;42.04;1017.93
28/06/2020 4:12;29.52;42.57;1017.89
28/06/2020 4:17;29.53;42.13;1017.84
28/06/2020 4:22;29.14;43.28;1017.89
28/06/2020 4:27;29.34;42.62;1017.91
28/06/2020 4:32;29.15;43.30;1017.99
28/06/2020 4:37;29.04;43.67;1018.06
28/06/2020 4:42;29.01;43.73;1018.05
28/06/2020 4:47;29.11;43.25;1018.13
28/06/2020 4:52;29.18;43.16;1018.17
28/06/2020 4:57;29.21;43.20;1018.25
28/06/2020 5:02;29.09;43.53;1018.30
28/06/2020 5:07;29.18;43.22;1018.31
28/06/2020 5:12;29.22;43.07;1018.39
28/06/2020 5:17;29.29;43.36;1018.43
28/06/2020 5:22;29.30;43.18;1018.44
28/06/2020 5:27;29.39;43.20;1018.49
28/06/2020 5:32;29.48;42.93;1018.46
28/06/2020 5:37;29.55;43.08;1018.48
28/06/2020 5:42;29.59;42.74;1018.46
28/06/2020 5:47;29.57;42.13;1018.47
28/06/2020 5:52;29.43;41.57;1018.48
28/06/2020 5:57;29.44;42.83;1018.53
28/06/2020 6:02;29.53;41.23;1018.54
28/06/2020 6:07;29.62;41.76;1018.61
28/06/2020 6:12;29.40;42.47;1018.67
28/06/2020 6:17;29.53;41.93;1018.56
28/06/2020 6:22;29.31;42.36;1018.58
28/06/2020 6:27;29.52;40.86;1018.57
28/06/2020 6:32;29.49;40.69;1018.63
28/06/2020 6:37;29.52;41.10;1018.58
28/06/2020 6:42;29.45;41.29;1018.62
28/06/2020 6:47;29.56;40.88;1018.59
28/06/2020 6:52;29.60;40.85;1018.60
28/06/2020 6:57;29.63;40.13;1018.55
28/06/2020 7:02;29.50;41.11;1018.58
28/06/2020 7:07;29.52;40.05;1018.52
28/06/2020 7:12;29.50;41.15;1018.55
28/06/2020 7:17;29.47;40.90;1018.48
28/06/2020 7:22;29.37;41.44;1018.45
28/06/2020 7:27;29.46;39.11;1018.48
28/06/2020 7:32;29.51;38.72;1018.56
28/06/2020 7:37;29.52;38.80;1018.54
28/06/2020 7:42;29.68;38.74;1018.54
28/06/2020 7:47;29.49;39.16;1018.61
28/06/2020 7:52;29.65;38.94;1018.53
28/06/2020 7:57;29.48;39.38;1018.56
28/06/2020 8:02;29.45;39.33;1018.62
28/06/2020 8:07;29.45;39.55;1018.63
28/06/2020 8:12;29.30;40.78;1018.64
28/06/2020 8:17;29.28;40.14;1018.59
28/06/2020 8:22;29.20;39.74;1018.58
28/06/2020 8:27;29.44;39.76;1018.57
28/06/2020 8:32;29.40;39.52;1018.54
28/06/2020 8:37;29.29;40.56;1018.45
28/06/2020 8:42;29.06;41.22;1018.37
28/06/2020 8:47;29.06;41.23;1018.36
28/06/2020 8:52;29.19;40.70;1018.36
28/06/2020 8:57;29.40;40.23;1018.35
28/06/2020 9:02;29.48;39.93;1018.35
28/06/2020 9:07;29.47;39.73;1018.35
28/06/2020 9:12;29.45;39.77;1018.34
28/06/2020 9:27;27.24;44.00;1018.26
28/06/2020 9:32;28.29;41.86;1018.27
28/06/2020 9:37;28.51;42.31;1018.23
28/06/2020 9:42;28.50;42.05;1018.18
28/06/2020 9:47;28.82;41.19;1018.15
28/06/2020 9:52;28.87;41.04;1018.03
28/06/2020 9:57;29.08;40.62;1018.01
28/06/2020 10:02;27.68;42.18;1017.94
28/06/2020 10:07;28.18;41.94;1017.80
28/06/2020 10:12;28.65;42.17;1017.76
28/06/2020 10:17;28.70;42.35;1017.69
28/06/2020 10:22;28.78;42.43;1017.56
28/06/2020 10:27;28.55;42.98;1017.46
28/06/2020 10:32;28.61;43.01;1017.42
28/06/2020 10:37;28.62;43.86;1017.39
28/06/2020 10:42;28.66;42.92;1017.38
28/06/2020 10:47;28.65;42.25;1017.31
28/06/2020 10:52;28.72;42.46;1017.22
28/06/2020 10:57;28.84;42.53;1017.13
28/06/2020 11:02;28.59;41.90;1017.09
28/06/2020 11:07;28.50;42.12;1016.94
28/06/2020 11:12;28.97;41.70;1016.85
28/06/2020 11:17;28.90;42.80;1016.80
28/06/2020 11:22;28.79;40.37;1016.75
28/06/2020 11:27;28.81;40.88;1016.61
28/06/2020 11:32;28.66;39.56;1016.55
28/06/2020 11:37;28.83;40.76;1016.47
28/06/2020 11:42;28.81;40.76;1016.39
28/06/2020 11:47;28.95;40.30;1016.36
28/06/2020 11:52;29.02;41.96;1016.27
28/06/2020 11:57;28.96;41.77;1016.23
28/06/2020 12:02;28.83;42.87;1016.14
28/06/2020 12:07;28.97;42.13;1016.07
28/06/2020 12:12;28.98;42.25;1016.04
28/06/2020 12:17;29.20;42.14;1015.92
28/06/2020 12:22;29.09;41.96;1015.89
28/06/2020 12:27;29.09;41.78;1015.81
28/06/2020 12:32;29.06;42.19;1015.73
28/06/2020 12:37;29.04;42.96;1015.66
28/06/2020 12:42;29.07;42.57;1015.59
28/06/2020 12:47;29.14;41.08;1015.52
28/06/2020 12:52;29.27;41.46;1015.47
28/06/2020 12:57;29.11;41.90;1015.39
28/06/2020 13:02;29.03;42.30;1015.34
28/06/2020 13:07;29.25;41.78;1015.28
28/06/2020 13:12;29.23;41.87;1015.19
28/06/2020 13:17;29.06;42.12;1015.15
28/06/2020 13:22;29.20;42.20;1015.04
28/06/2020 13:27;29.22;42.27;1014.90
28/06/2020 13:32;29.04;41.91;1014.87
28/06/2020 13:37;29.23;42.00;1014.79
28/06/2020 13:42;29.09;41.62;1014.62
28/06/2020 13:47;28.88;42.93;1014.53
28/06/2020 13:52;28.71;43.95;1014.51
28/06/2020 13:57;28.63;43.87;1014.42
28/06/2020 14:02;28.63;43.97;1014.31
28/06/2020 14:07;28.63;43.78;1014.23
28/06/2020 14:12;28.65;43.92;1014.16
28/06/2020 14:17;28.68;43.69;1014.17
28/06/2020 14:22;28.70;43.52;1014.08
28/06/2020 14:31;28.53;44.16;1013.94
28/06/2020 14:36;28.61;43.97;1013.84
28/06/2020 14:41;28.66;43.82;1013.81
28/06/2020 14:46;28.70;44.03;1013.75
28/06/2020 14:51;28.69;44.21;1013.75
28/06/2020 14:56;28.74;44.19;1013.64
28/06/2020 15:01;28.72;44.59;1013.56
28/06/2020 15:06;28.72;44.87;1013.55
28/06/2020 15:11;28.68;45.13;1013.49
28/06/2020 15:16;28.67;45.30;1013.38
28/06/2020 15:21;28.70;45.40;1013.33
28/06/2020 15:26;28.76;45.33;1013.23
28/06/2020 15:31;28.79;45.35;1013.19
28/06/2020 15:36;28.76;45.46;1013.13
28/06/2020 15:41;28.82;45.33;1013.06
28/06/2020 15:46;28.94;45.08;1013.03
28/06/2020 15:51;29.37;42.49;1013.06
28/06/2020 15:56;29.35;41.12;1012.96
28/06/2020 16:01;29.05;41.86;1012.92
28/06/2020 16:06;29.04;41.73;1012.83
28/06/2020 16:11;29.08;41.25;1012.91
28/06/2020 16:16;29.33;39.60;1012.94
28/06/2020 16:21;29.33;39.31;1012.93
28/06/2020 16:26;29.42;38.57;1012.93
28/06/2020 16:31;29.19;39.48;1012.92
28/06/2020 16:36;29.24;40.72;1012.95
28/06/2020 16:41;29.34;40.59;1012.95
28/06/2020 16:46;29.67;40.36;1012.98
28/06/2020 16:51;29.63;40.68;1012.97
28/06/2020 16:56;29.51;40.30;1013.01
28/06/2020 17:01;29.37;41.35;1012.92
28/06/2020 17:06;29.35;42.16;1012.98
28/06/2020 17:11;29.32;42.80;1013.05
28/06/2020 17:16;29.35;42.89;1012.77
28/06/2020 17:21;29.16;43.61;1012.74
28/06/2020 17:26;29.17;43.49;1012.72
28/06/2020 17:31;29.11;43.86;1012.73
28/06/2020 17:36;29.19;43.66;1012.67
28/06/2020 17:41;29.20;43.68;1012.64
28/06/2020 17:46;29.27;43.61;1012.58
28/06/2020 17:51;29.19;43.81;1012.56
28/06/2020 17:56;29.20;43.84;1012.45
28/06/2020 18:01;29.24;43.99;1012.37
28/06/2020 18:06;29.25;43.96;1012.43
28/06/2020 18:11;29.24;44.14;1012.45
28/06/2020 18:16;29.29;44.03;1012.39
28/06/2020 18:21;29.24;43.66;1012.39
28/06/2020 18:26;29.38;41.47;1012.39
28/06/2020 18:31;29.76;39.16;1012.47
28/06/2020 18:36;29.89;38.30;1012.40
28/06/2020 18:41;29.97;38.63;1012.42
28/06/2020 18:46;30.06;38.96;1012.42
28/06/2020 18:51;30.14;38.25;1012.50
28/06/2020 18:56;29.89;38.04;1012.38
28/06/2020 19:01;29.58;39.13;1012.38
28/06/2020 19:06;29.94;38.47;1012.36
28/06/2020 19:11;30.56;37.99;1012.39
28/06/2020 19:16;30.71;37.62;1012.39
28/06/2020 19:21;30.74;37.47;1012.40
28/06/2020 19:26;30.92;38.30;1012.45
28/06/2020 19:31;30.80;37.43;1012.44
28/06/2020 19:36;30.98;38.59;1012.47
28/06/2020 19:41;30.95;38.39;1012.50
28/06/2020 19:46;30.97;38.24;1012.47
28/06/2020 19:51;30.94;38.29;1012.46
28/06/2020 19:56;30.85;38.11;1012.45
28/06/2020 20:01;30.25;39.30;1012.49
28/06/2020 20:06;29.62;40.97;1012.48
28/06/2020 20:11;29.48;40.95;1012.46
28/06/2020 20:16;29.53;41.10;1012.48
28/06/2020 20:21;29.56;42.19;1012.51
28/06/2020 20:26;29.54;42.82;1012.56
28/06/2020 20:31;29.91;42.14;1012.63
28/06/2020 20:36;30.03;42.32;1012.67
28/06/2020 20:41;30.23;41.89;1012.72
28/06/2020 20:46;30.39;41.06;1012.79
28/06/2020 20:51;30.48;41.17;1012.80
28/06/2020 20:56;30.40;40.82;1012.94
28/06/2020 21:01;30.48;41.24;1012.98
28/06/2020 21:06;30.31;42.69;1012.92
28/06/2020 21:11;29.37;41.03;1012.94
28/06/2020 21:16;29.24;40.25;1013.02
28/06/2020 21:21;29.15;38.36;1013.04
28/06/2020 21:26;28.94;37.85;1013.05
28/06/2020 21:31;29.32;40.60;1013.08
28/06/2020 21:36;29.41;40.42;1013.15
28/06/2020 21:41;29.79;41.06;1013.18
28/06/2020 21:46;30.03;40.57;1013.19
28/06/2020 21:51;30.32;39.78;1013.30
28/06/2020 21:56;30.52;39.99;1013.25
28/06/2020 22:01;30.56;40.04;1013.29
28/06/2020 22:06;30.63;40.32;1013.28
28/06/2020 22:11;30.65;40.50;1013.29
28/06/2020 22:16;30.70;40.38;1013.23
28/06/2020 22:21;30.78;40.42;1013.36
28/06/2020 22:26;30.82;40.40;1013.36
28/06/2020 22:31;30.41;40.57;1013.25
28/06/2020 22:36;29.82;39.39;1013.28
28/06/2020 22:41;29.78;41.66;1013.27
28/06/2020 22:46;29.85;41.16;1013.28
28/06/2020 22:51;29.48;39.90;1013.31
28/06/2020 22:56;29.73;41.12;1013.27
